NDVI,MNDWI,elevation,slope,aspect,clay,sand,soc,bdod,Mapped_Label
0.45660377,-0.30277795,224,2,52,237,333,97,141,Cotton (Kapas)
0.23199293,-0.5415177,319,2,180,157,353,111,155,Cotton (Kapas)
0.48017755,-0.39893425,376,1,180,304,311,83,141,Cotton (Kapas)
0.3090076,-0.3842607,581,2,270,314,188,232,139,Cotton (Kapas)
0.37381405,-0.34773824,219,1,270,259,333,98,141,Cotton (Kapas)
0.39564866,-0.34773445,333,1,0,301,323,86,139,Cotton (Kapas)
0.5564202,-0.45816734,333,2,147,293,334,78,140,Cotton (Kapas)
0.15083799,-0.29752257,307,1,0,281,320,98,139,Cotton (Kapas)
0.21861656,-0.32419196,487,2,232,324,220,169,143,Cotton (Kapas)
0.46080443,-0.31421408,218,3,111,261,317,101,141,Cotton (Kapas)
0.4700422,-0.323137,335,2,52,283,329,80,140,Cotton (Kapas)
0.5401376,-0.34163836,451,3,69,308,308,195,140,Cotton (Kapas)
0.2604228,-0.2193893,420,2,53,303,282,176,140,Cotton (Kapas)
0.21409214,-0.42801046,287,3,46,203,325,119,154,Cotton (Kapas)
0.44018453,-0.2691736,499,2,53,278,259,154,140,Cotton (Kapas)
0.45759857,-0.35579693,370,1,180,278,338,90,141,Cotton (Kapas)
0.48658046,-0.35665172,446,1,0,294,251,146,141,Cotton (Kapas)
0.42154673,-0.3714987,316,1,0,294,324,69,139,Cotton (Kapas)
0.36333334,-0.20285714,385,2,213,290,260,193,142,Cotton (Kapas)
0.20256059,-0.32085472,318,2,308,323,322,87,139,Cotton (Kapas)
0.1911315,-0.5177545,324,4,134,186,368,128,153,Cotton (Kapas)
0.50704855,-0.35794464,394,2,233,276,305,106,141,Cotton (Kapas)
0.3535611,-0.2236822,515,2,233,289,262,144,140,Cotton (Kapas)
0.51240295,-0.36461428,491,0,0,345,211,169,139,Cotton (Kapas)
0.4426814,-0.32001403,224,2,180,278,309,88,142,Cotton (Kapas)
0.36474696,-0.24352331,363,5,0,290,274,131,140,Cotton (Kapas)
0.21754307,-0.3185435,297,1,0,293,305,87,140,Cotton (Kapas)
0.3868762,-0.38787615,340,4,90,317,313,78,139,Cotton (Kapas)
0.47545788,-0.384168,410,2,180,310,270,193,139,Cotton (Kapas)
0.47230047,-0.32219067,318,1,180,300,321,79,141,Cotton (Kapas)
0.44410288,-0.30528256,449,1,180,298,320,174,140,Cotton (Kapas)
0.27394408,-0.19560094,402,1,270,270,320,118,139,Cotton (Kapas)
0.59717596,-0.34506923,394,2,53,266,310,145,142,Cotton (Kapas)
0.29957807,-0.17663817,245,2,53,255,341,97,139,Cotton (Kapas)
0.27813584,-0.26291078,262,1,270,264,372,94,140,Cotton (Kapas)
0.25838432,-0.5694051,314,2,153,187,441,150,155,Cotton (Kapas)
0.13858625,-0.30236936,338,3,157,285,323,89,137,Cotton (Kapas)
0.22963554,-0.54063606,317,1,0,192,448,150,155,Cotton (Kapas)
0.4094462,-0.29084003,412,2,327,311,258,168,139,Cotton (Kapas)
0.34118706,-0.33806652,512,2,213,324,202,167,142,Cotton (Kapas)
0.22856699,-0.311861,372,3,180,292,314,81,140,Cotton (Kapas)
0.51550883,-0.38912448,417,1,270,292,288,188,139,Cotton (Kapas)
0.28142905,-0.38089198,377,4,198,307,320,90,142,Cotton (Kapas)
0.20877026,-0.5458622,312,4,333,180,429,118,153,Cotton (Kapas)
0.14948605,-0.33659318,293,2,52,307,299,84,140,Cotton (Kapas)
0.5078714,-0.35954887,438,1,180,251,304,180,140,Cotton (Kapas)
0.6091625,-0.43966034,585,2,52,316,184,240,138,Cotton (Kapas)
0.14658427,-0.29828614,302,2,232,297,308,71,139,Cotton (Kapas)
0.48262548,-0.27671233,244,1,180,277,333,87,139,Cotton (Kapas)
0.21516375,-0.3137236,318,1,90,314,323,85,139,Cotton (Kapas)
0.627878,-0.48130563,333,3,291,283,331,94,139,Cotton (Kapas)
0.1552552,-0.31997314,304,2,308,300,308,88,141,Cotton (Kapas)
0.41952926,-0.3607704,504,4,297,261,314,156,140,Cotton (Kapas)
0.20131052,-0.5085347,309,0,0,182,426,98,153,Cotton (Kapas)
0.13598074,-0.2980195,436,0,0,290,257,139,140,Cotton (Kapas)
0.30507594,-0.33621222,549,2,327,253,295,217,141,Cotton (Kapas)
0.16779853,-0.342931,374,0,0,281,333,86,142,Cotton (Kapas)
0.18882838,-0.49334615,310,2,0,183,408,115,154,Cotton (Kapas)
0.16705595,-0.35242757,386,1,270,298,343,86,142,Cotton (Kapas)
0.36397088,-0.27516976,424,0,0,279,286,189,138,Cotton (Kapas)
0.55484045,-0.36530566,408,2,213,322,283,196,140,Cotton (Kapas)
0.45614544,-0.37554315,445,1,180,265,309,191,141,Cotton (Kapas)
0.5329431,-0.44033867,366,5,111,277,340,96,141,Cotton (Kapas)
0.44348684,-0.42633322,319,2,52,304,324,77,140,Cotton (Kapas)
0.45869565,-0.33409992,369,4,117,284,334,84,141,Cotton (Kapas)
0.5191308,-0.4104016,320,2,232,319,319,82,139,Cotton (Kapas)
0.31724486,-0.18148312,582,2,213,298,233,182,140,Cotton (Kapas)
0.5595639,-0.4010102,327,0,0,248,319,75,141,Cotton (Kapas)
0.49913895,-0.36742276,391,2,52,275,357,87,142,Cotton (Kapas)
0.1751924,-0.30266255,314,0,0,309,315,81,140,Cotton (Kapas)
0.5243976,-0.2915546,518,2,233,290,251,146,140,Cotton (Kapas)
0.22341532,-0.48213655,21,4,104,279,466,91,155,Cotton (Kapas)
0.24329501,-0.5525988,300,1,314,197,489,132,153,Cotton (Kapas)
0.16217929,-0.317331,323,4,221,282,326,77,140,Cotton (Kapas)
0.4147031,-0.18291423,223,1,180,258,326,101,139,Cotton (Kapas)
0.283267,-0.32734114,305,3,69,297,306,83,140,Cotton (Kapas)
0.38477367,-0.29034415,258,1,90,277,360,92,138,Cotton (Kapas)
0.22497144,-0.27189678,303,1,180,288,319,87,140,Cotton (Kapas)
0.5004329,-0.37707007,311,2,270,284,307,86,139,Cotton (Kapas)
0.19363686,-0.5318083,313,1,270,194,337,135,156,Cotton (Kapas)
0.42763075,-0.38212892,454,2,232,283,253,133,139,Cotton (Kapas)
0.2998942,-0.25138208,363,1,180,299,325,72,141,Cotton (Kapas)
0.18336806,-0.3010513,373,2,308,295,322,81,140,Cotton (Kapas)
0.52415574,-0.29885554,419,2,33,275,298,103,140,Cotton (Kapas)
0.56374586,-0.4225812,416,1,180,314,275,136,141,Cotton (Kapas)
0.43176734,-0.36119473,304,3,232,292,320,73,138,Cotton (Kapas)
0.29718283,-0.28443456,446,2,308,284,262,135,141,Cotton (Kapas)
0.4698779,-0.2965682,482,2,180,283,280,143,140,Cotton (Kapas)
0.3051275,-0.5,313,1,134,176,450,107,153,Cotton (Kapas)
0.6346516,-0.33387807,413,0,0,298,292,195,141,Cotton (Kapas)
0.43376625,-0.39631018,319,2,308,290,332,84,137,Cotton (Kapas)
0.3299389,-0.21249194,588,4,270,294,229,174,139,Cotton (Kapas)
0.36361226,-0.38968113,586,3,24,270,303,175,142,Cotton (Kapas)
0.502312,-0.3878739,402,5,137,263,219,211,140,Cotton (Kapas)
0.50866896,-0.35028654,456,3,69,260,329,141,138,Cotton (Kapas)
0.32988554,-0.2686625,401,3,307,304,268,169,140,Cotton (Kapas)
0.5828367,-0.41666666,330,3,128,273,330,72,140,Cotton (Kapas)
0.3825818,-0.37869823,447,2,33,293,247,143,140,Cotton (Kapas)
0.31078675,-0.5434457,20,2,0,222,563,91,157,Cotton (Kapas)
0.1569847,-0.3222567,323,2,308,293,323,74,139,Cotton (Kapas)
0.28843442,-0.3196487,385,2,0,279,353,92,143,Cotton (Kapas)
0.4579811,-0.37381107,387,1,270,298,327,92,140,Cotton (Kapas)
0.6106126,-0.3424345,392,2,270,285,331,95,140,Cotton (Kapas)
0.64655507,-0.47166404,369,1,270,279,343,93,140,Cotton (Kapas)
0.38764668,-0.31712502,429,1,270,260,318,178,139,Cotton (Kapas)
0.6353004,-0.42719883,515,4,0,288,341,184,141,Cotton (Kapas)
0.5252622,-0.42438424,434,3,156,307,309,191,139,Cotton (Kapas)
0.33242708,-0.24255486,214,1,270,287,308,88,140,Cotton (Kapas)
0.19463088,-0.5501672,313,1,270,195,411,117,155,Cotton (Kapas)
0.28183788,-0.19329965,225,1,270,324,286,95,142,Cotton (Kapas)
0.2002908,-0.3067101,401,2,308,243,313,93,140,Cotton (Kapas)
0.40251976,-0.35492688,309,2,52,281,307,80,140,Cotton (Kapas)
0.3432514,-0.35072157,302,0,0,298,306,88,141,Cotton (Kapas)
0.36452353,-0.20712695,753,2,308,313,249,183,139,Cotton (Kapas)
0.16617309,-0.4615613,294,0,0,144,408,106,155,Cotton (Kapas)
0.35371417,-0.16571283,469,2,307,263,289,150,139,Cotton (Kapas)
0.2091603,-0.5863233,296,3,180,178,495,112,154,Cotton (Kapas)
0.16273187,-0.514254,301,5,126,215,491,119,154,Cotton (Kapas)
0.37813398,-0.5472319,326,1,134,187,359,119,155,Cotton (Kapas)
0.460236,-0.23929581,552,2,0,293,239,166,140,Cotton (Kapas)
0.25120193,-0.48199153,317,2,64,184,441,113,153,Cotton (Kapas)
0.49308267,-0.36755687,375,2,90,283,332,80,141,Cotton (Kapas)
0.46706823,-0.30219224,399,1,180,257,294,143,143,Cotton (Kapas)
0.1952294,-0.30765116,390,1,90,278,338,98,142,Cotton (Kapas)
0.45614544,-0.37554315,445,1,180,265,309,191,141,Cotton (Kapas)
0.378882,-0.38497043,300,2,52,296,309,86,140,Cotton (Kapas)
0.42658594,-0.33437777,390,2,90,275,325,91,141,Cotton (Kapas)
0.51715535,-0.4146558,322,1,180,272,320,72,140,Cotton (Kapas)
0.2332595,-0.33609468,470,2,52,333,223,132,140,Cotton (Kapas)
0.44783193,-0.24710424,423,2,213,279,288,181,139,Cotton (Kapas)
0.47054714,-0.38686585,314,3,52,275,310,83,139,Cotton (Kapas)
0.38843971,-0.28651607,398,2,308,278,332,100,141,Cotton (Kapas)
0.5725879,-0.40442654,262,1,90,246,363,90,139,Cotton (Kapas)
0.21411192,-0.5008115,300,3,226,170,375,151,156,Cotton (Kapas)
0.31030446,-0.39429855,329,2,90,297,311,79,140,Cotton (Kapas)
0.44760174,-0.4045545,313,1,270,301,320,78,141,Cotton (Kapas)
0.5612448,-0.3355049,412,0,0,295,297,192,142,Cotton (Kapas)
0.5144107,-0.2621257,538,2,233,311,239,165,140,Cotton (Kapas)
0.42270932,-0.36214414,385,2,90,284,303,93,140,Cotton (Kapas)
0.3175745,-0.5991649,305,6,190,192,496,111,155,Cotton (Kapas)
0.12320534,-0.32902274,300,3,308,283,310,72,139,Cotton (Kapas)
0.46476236,-0.39548555,362,3,69,290,322,82,141,Cotton (Kapas)
0.49356505,-0.2991615,538,3,111,309,250,159,141,Cotton (Kapas)
0.15374231,-0.4534676,24,2,207,227,566,101,156,Cotton (Kapas)
0.4064443,-0.27127394,413,0,0,289,277,210,139,Cotton (Kapas)
0.37342194,-0.349868,321,1,180,272,321,74,140,Cotton (Kapas)
0.5698551,-0.36790863,463,1,0,282,313,112,139,Cotton (Kapas)
0.46013987,-0.42825362,319,2,180,284,330,71,139,Cotton (Kapas)
0.22069523,-0.48940223,337,1,226,169,481,132,156,Cotton (Kapas)
0.44221964,-0.32862678,218,3,69,259,317,100,140,Cotton (Kapas)
0.42845178,-0.2545362,395,2,0,304,280,118,138,Cotton (Kapas)
0.40218425,-0.28464082,226,5,224,301,300,81,141,Cotton (Kapas)
0.48885977,-0.35813218,366,3,0,291,343,97,142,Cotton (Kapas)
0.5117194,-0.38517764,402,2,127,274,313,165,140,Cotton (Kapas)
0.38388267,-0.38613632,306,3,232,281,320,74,139,Cotton (Kapas)
0.31456888,-0.28998533,381,1,0,301,339,83,143,Cotton (Kapas)
0.7017672,-0.44934464,221,3,232,271,315,98,140,Cotton (Kapas)
0.54572433,-0.42560858,433,2,53,273,288,171,141,Cotton (Kapas)
0.4040432,-0.31325957,398,3,0,270,310,99,139,Cotton (Kapas)
0.2043485,-0.35501337,309,1,90,306,313,68,139,Cotton (Kapas)
0.3557047,-0.08815789,404,4,76,270,277,131,140,Cotton (Kapas)
0.3693538,-0.352518,456,2,213,317,244,127,140,Cotton (Kapas)
0.4654356,-0.3053931,318,2,232,288,314,83,138,Cotton (Kapas)
0.35855195,-0.34341022,320,2,33,318,316,79,139,Cotton (Kapas)
0.3506179,-0.35560367,309,3,52,308,311,72,139,Cotton (Kapas)
0.20451738,-0.4764889,290,1,90,196,363,114,155,Cotton (Kapas)
0.38380927,-0.30843043,391,1,270,302,264,196,140,Cotton (Kapas)
0.53355074,-0.3701662,373,1,90,295,341,83,142,Cotton (Kapas)
0.35807633,-0.263209,394,1,270,252,326,136,141,Cotton (Kapas)
0.1887561,-0.28374335,366,2,180,293,320,79,140,Cotton (Kapas)
0.4007477,-0.37124744,465,0,0,340,218,177,138,Cotton (Kapas)
0.2919708,-0.5651256,334,5,143,191,408,138,154,Cotton (Kapas)
0.16889693,-0.45978755,321,1,134,194,501,142,156,Cotton (Kapas)
0.48608294,-0.2631766,505,0,0,285,260,152,140,Cotton (Kapas)
0.08083238,-0.29643056,423,2,232,266,277,116,138,Cotton (Kapas)
0.18614438,-0.42652553,338,5,143,179,355,106,155,Cotton (Kapas)
0.407426,-0.30174562,385,2,53,284,306,98,140,Cotton (Kapas)
0.49834436,-0.33333334,415,2,0,267,294,138,140,Cotton (Kapas)
0.21340744,-0.36442718,373,0,0,268,374,90,141,Cotton (Kapas)
0.37633967,-0.3167019,467,2,232,344,221,193,138,Cotton (Kapas)
0.55776936,-0.38598076,434,2,327,282,290,208,141,Cotton (Kapas)
0.42471418,-0.3502476,317,1,180,280,333,89,140,Cotton (Kapas)
0.29911184,-0.26666668,392,1,270,277,310,97,141,Cotton (Kapas)
0.4490615,-0.41646352,311,1,0,308,317,80,140,Cotton (Kapas)
0.48814145,-0.33930272,399,1,0,277,335,87,140,Cotton (Kapas)
0.43851882,-0.35744324,316,3,52,291,327,80,140,Cotton (Kapas)
0.48727617,-0.38107583,334,2,0,297,332,85,140,Cotton (Kapas)
0.24895239,-0.35475457,312,1,90,300,321,83,138,Cotton (Kapas)
0.3895,-0.34588763,430,3,180,268,286,201,142,Cotton (Kapas)
0.35292283,-0.17072012,392,2,233,290,284,135,140,Cotton (Kapas)
0.20435195,-0.5698198,316,1,270,166,367,131,154,Cotton (Kapas)
0.1538627,-0.5345123,316,3,252,165,343,131,154,Cotton (Kapas)
0.51530355,-0.36142954,263,0,0,265,361,92,137,Cotton (Kapas)
0.21072565,-0.12596402,393,2,127,278,298,98,138,Cotton (Kapas)
0.1323687,-0.13819171,410,3,127,272,321,103,140,Cotton (Kapas)
0.36885458,-0.20380817,374,3,24,239,323,164,142,Cotton (Kapas)
0.69650435,-0.507031,543,1,0,338,178,219,139,Cotton (Kapas)
0.532973,-0.42793363,452,3,23,285,251,135,139,Cotton (Kapas)
0.3773961,-0.2502345,442,2,327,268,319,169,141,Cotton (Kapas)
0.18596788,-0.51800865,310,0,0,181,432,117,154,Cotton (Kapas)
0.20995773,-0.257379,686,2,0,282,228,176,140,Cotton (Kapas)
0.36198264,-0.3327083,342,4,162,294,322,92,139,Cotton (Kapas)
0.44048563,-0.25570777,444,2,307,276,300,206,140,Cotton (Kapas)
0.23413076,-0.32688013,379,5,166,311,337,83,141,Cotton (Kapas)
0.49707603,-0.3722321,319,2,90,286,326,79,139,Cotton (Kapas)
0.4876422,-0.28710046,393,0,0,258,344,122,140,Cotton (Kapas)
0.2976035,-0.5494289,341,1,134,182,416,126,153,Cotton (Kapas)
0.40057874,-0.3558533,317,3,111,303,327,86,138,Cotton (Kapas)
0.39495295,-0.26280108,429,1,270,257,304,147,141,Cotton (Kapas)
0.44296297,-0.3038361,324,2,213,320,307,78,139,Cotton (Kapas)
0.5130802,-0.34421504,367,2,232,283,329,93,141,Cotton (Kapas)
0.16025066,-0.3602767,345,2,52,292,332,82,142,Cotton (Kapas)
0.22460866,-0.48415375,304,1,180,203,429,181,157,Cotton (Kapas)
0.4801554,-0.2915281,423,2,127,272,314,221,141,Cotton (Kapas)
0.23243962,-0.56335425,320,4,333,171,360,106,153,Cotton (Kapas)
0.40558392,-0.32930815,394,2,53,279,314,101,141,Cotton (Kapas)
0.33261216,-0.35564703,468,1,0,330,220,166,137,Cotton (Kapas)
0.29977754,-0.24815339,373,2,127,243,322,164,141,Cotton (Kapas)
0.19856244,-0.5551265,309,2,244,180,429,118,153,Cotton (Kapas)
0.48553136,-0.3509434,418,1,270,283,281,153,140,Cotton (Kapas)
0.50271,-0.3960626,371,2,270,292,320,77,142,Cotton (Kapas)
0.47193614,-0.3824082,399,1,270,321,267,213,141,Cotton (Kapas)
0.42984653,-0.3439499,380,2,0,258,376,78,142,Cotton (Kapas)
0.46936473,-0.3597769,424,1,90,260,314,173,139,Cotton (Kapas)
0.4459588,-0.43133625,406,3,156,257,307,212,142,Cotton (Kapas)
0.26579836,-0.58654946,301,1,270,169,376,151,156,Cotton (Kapas)
0.18532819,-0.4762343,288,4,14,198,335,107,155,Cotton (Kapas)
0.3761176,-0.35782388,399,3,52,285,217,194,139,Cotton (Kapas)
0.4540516,-0.39862543,332,1,90,290,338,83,140,Cotton (Kapas)
0.40845641,-0.32919303,348,3,249,304,313,78,141,Cotton (Kapas)
0.47625583,-0.43209553,375,1,270,281,351,87,141,Cotton (Kapas)
0.47475603,-0.35480085,367,3,52,277,337,78,141,Cotton (Kapas)
0.2919772,-0.30839655,315,1,90,308,313,82,140,Cotton (Kapas)
0.35991445,-0.3293944,444,1,270,295,275,138,140,Cotton (Kapas)
0.46489063,-0.3838246,433,1,180,270,287,188,140,Cotton (Kapas)
0.4519406,-0.36016247,392,2,0,268,286,144,142,Cotton (Kapas)
0.55516106,-0.3834505,452,1,0,297,307,159,138,Cotton (Kapas)
0.40539756,-0.33337876,376,2,128,316,319,90,142,Cotton (Kapas)
0.37375477,-0.3627688,343,1,180,300,317,79,140,Cotton (Kapas)
0.5505042,-0.35743254,391,2,127,264,287,185,141,Cotton (Kapas)
0.5036161,-0.32402453,457,2,0,259,269,114,140,Cotton (Kapas)
0.48203593,-0.36278105,221,2,180,265,325,102,139,Cotton (Kapas)
0.4041893,-0.28498158,218,3,337,258,312,107,141,Cotton (Kapas)
0.57215047,-0.31450093,256,4,18,260,362,100,138,Cotton (Kapas)
0.40108022,-0.31911984,434,3,111,284,261,145,139,Cotton (Kapas)
0.2,-0.42939574,326,1,226,185,367,119,155,Cotton (Kapas)
0.44066587,-0.41088292,300,2,232,298,309,87,141,Cotton (Kapas)
0.2657718,-0.41465187,332,2,33,296,336,84,140,Cotton (Kapas)
0.19563636,-0.52233905,312,1,314,198,347,118,155,Cotton (Kapas)
0.46872866,-0.40154344,462,2,90,268,294,150,140,Cotton (Kapas)
0.4954207,-0.31194788,376,2,213,287,307,122,141,Cotton (Kapas)
0.14897414,-0.54006207,325,2,207,199,419,121,154,Cotton (Kapas)
0.35297585,-0.18397085,383,1,90,280,283,192,141,Cotton (Kapas)
0.5605026,-0.34563646,436,1,0,282,301,211,141,Cotton (Kapas)
0.5262929,-0.4046561,452,2,33,295,311,163,138,Cotton (Kapas)
0.47704706,-0.3772787,446,1,180,294,275,130,140,Cotton (Kapas)
0.53846157,-0.47448775,602,2,53,274,360,184,139,Cotton (Kapas)
0.20199531,-0.45626798,289,3,341,190,407,125,154,Cotton (Kapas)
0.4746388,-0.30160883,475,2,233,262,280,139,139,Cotton (Kapas)
0.12364252,-0.21254802,406,0,0,322,264,179,141,Cotton (Kapas)
0.4808726,-0.35850468,451,1,0,302,304,198,140,Cotton (Kapas)
0.15532798,-0.069581635,222,2,52,261,332,100,140,Cotton (Kapas)
0.36073458,-0.34505516,314,1,0,300,313,72,140,Cotton (Kapas)
0.23476005,-0.37202314,331,2,270,307,334,93,140,Cotton (Kapas)
0.45335412,-0.41211444,404,2,0,298,290,191,140,Cotton (Kapas)
0.51737267,-0.3676023,307,1,90,298,302,73,140,Cotton (Kapas)
0.579877,-0.33938214,442,4,76,274,317,184,140,Cotton (Kapas)
0.6076906,-0.4637295,305,1,90,305,304,74,139,Cotton (Kapas)
0.5519591,-0.2961328,400,5,153,297,226,173,138,Cotton (Kapas)
0.40229884,-0.31204462,377,2,0,300,340,85,142,Cotton (Kapas)
0.05216484,-0.18676738,470,1,90,272,323,175,139,Cotton (Kapas)
0.27077946,-0.4149541,653,6,287,287,236,186,139,Cotton (Kapas)
0.19399446,-0.5390335,297,1,314,172,394,130,156,Cotton (Kapas)
0.17468198,-0.37573832,306,2,0,295,325,86,137,Cotton (Kapas)
0.20875803,-0.33821964,324,2,270,278,333,78,138,Cotton (Kapas)
0.5292818,-0.40258193,400,0,0,260,305,207,143,Cotton (Kapas)
0.5799236,-0.35640648,257,2,327,270,365,102,139,Cotton (Kapas)
0.20876165,-0.34062415,330,2,308,289,312,80,139,Cotton (Kapas)
0.17194301,-0.36586922,372,1,270,290,311,75,142,Cotton (Kapas)
0.42525634,-0.2839018,430,2,307,279,290,194,142,Cotton (Kapas)
0.38674325,-0.42641026,343,2,270,294,318,81,141,Cotton (Kapas)
0.18850267,-0.34292972,370,3,249,282,364,79,142,Cotton (Kapas)
0.52872854,-0.30185547,502,2,53,271,260,154,140,Cotton (Kapas)
0.19698289,-0.168543,463,2,33,276,327,207,140,Cotton (Kapas)
0.83262193,-0.5231314,425,0,0,290,292,168,140,Cotton (Kapas)
0.24145025,-0.2159488,227,4,319,221,371,95,140,Cotton (Kapas)
0.5304558,-0.43162456,582,2,147,320,184,217,139,Cotton (Kapas)
0.3304328,-0.36006707,314,1,90,296,321,78,141,Cotton (Kapas)
0.43797034,-0.34640884,310,3,111,296,325,80,141,Cotton (Kapas)
0.3092649,-0.22769953,338,0,0,265,363,94,143,Cotton (Kapas)
0.41456532,-0.4062778,346,1,90,322,314,84,141,Cotton (Kapas)
0.53789914,-0.30329618,225,1,0,279,299,89,142,Cotton (Kapas)
0.40817332,-0.3668103,331,2,0,283,319,79,140,Cotton (Kapas)
0.36649084,-0.31034482,227,1,0,297,311,95,143,Cotton (Kapas)
0.4631283,-0.3700045,418,2,180,267,280,189,137,Cotton (Kapas)
0.13277742,-0.30639848,312,3,308,284,322,82,141,Cotton (Kapas)
0.33734795,-0.38596228,313,2,33,302,322,85,140,Cotton (Kapas)
0.70680404,-0.38311914,683,1,270,290,227,179,141,Cotton (Kapas)
0.40612343,-0.35023984,367,3,291,298,316,81,140,Cotton (Kapas)
0.31209362,-0.56346256,443,5,0,263,592,159,134,Maize (Makka)
0.14983277,-0.5143339,23,1,270,233,549,99,156,Maize (Makka)
0.21691534,-0.5478608,331,1,226,224,480,124,150,Maize (Makka)
0.20513664,-0.53103846,42,2,270,111,807,61,171,Maize (Makka)
0.6100272,-0.52705467,1198,1,45,424,326,362,122,Maize (Makka)
0.22063492,-0.5350202,332,1,314,187,360,138,154,Maize (Makka)
0.2997735,-0.5671698,351,2,270,232,446,136,151,Maize (Makka)
0.3494148,-0.6177706,1309,1,0,337,469,352,123,Maize (Makka)
0.74836904,-0.44643134,251,4,199,154,394,619,128,Maize (Makka)
0.25062704,-0.523344,305,1,226,204,399,117,153,Maize (Makka)
0.29912663,-0.5370623,388,4,77,289,516,173,133,Maize (Makka)
0.7744137,-0.39968404,73,2,59,112,730,419,133,Maize (Makka)
0.2223288,-0.5448264,328,5,281,243,430,163,152,Maize (Makka)
0.13130395,-0.41014084,290,3,146,223,353,111,155,Maize (Makka)
0.39401162,-0.5770376,1667,6,107,411,388,302,111,Maize (Makka)
0.367531,-0.274615,466,3,336,298,320,110,140,Maize (Makka)
0.28286853,-0.5900064,410,3,132,241,605,139,137,Maize (Makka)
0.14521112,-0.41474074,298,2,296,196,493,69,156,Maize (Makka)
0.69936556,-0.5677483,1350,5,233,409,354,420,117,Maize (Makka)
0.66473824,-0.529452,1262,3,56,359,377,380,122,Maize (Makka)
0.39449254,-0.6417831,1595,1,227,445,272,288,112,Maize (Makka)
0.23816338,-0.5574082,1755,11,310,396,394,320,112,Maize (Makka)
0.25134167,-0.5377339,302,1,134,225,491,128,153,Maize (Makka)
0.21277992,-0.54081815,1166,1,90,192,638,105,157,Maize (Makka)
0.72090626,-0.56646824,264,1,90,247,292,832,130,Maize (Makka)
0.5648517,-0.56478345,847,3,180,343,480,297,124,Maize (Makka)
0.24465217,-0.4691091,307,2,0,198,437,177,157,Maize (Makka)
0.14047578,-0.43690103,301,1,0,197,359,125,155,Maize (Makka)
0.17795423,-0.58389765,316,2,333,149,342,119,153,Maize (Makka)
0.31675676,-0.53249747,777,6,350,296,499,335,121,Maize (Makka)
0.20589842,-0.48327687,383,3,90,238,454,125,153,Maize (Makka)
0.23924941,-0.5491113,358,1,134,211,392,105,152,Maize (Makka)
0.32214403,-0.596666,446,4,48,266,557,169,134,Maize (Makka)
0.5254237,-0.54516697,1305,3,304,324,404,359,123,Maize (Makka)
0.20645428,-0.5372732,304,3,341,207,392,136,153,Maize (Makka)
0.76662296,-0.3069819,71,2,239,78,780,406,129,Maize (Makka)
0.30366197,-0.5504241,511,4,48,274,582,190,130,Maize (Makka)
0.51443356,-0.43715847,722,2,180,255,169,258,134,Maize (Makka)
0.134279,-0.49287203,304,4,27,184,487,71,158,Maize (Makka)
0.58832663,-0.58269876,60,2,270,104,736,383,137,Maize (Makka)
0.22542204,-0.5480552,337,0,0,202,352,126,154,Maize (Makka)
0.35081586,-0.4554151,336,1,270,270,378,550,116,Maize (Makka)
0.50503147,-0.4875582,4,2,301,297,424,591,131,Maize (Makka)
0.23290738,-0.52125156,353,1,226,215,443,145,151,Maize (Makka)
0.49390844,-0.6069345,1920,7,112,346,404,459,113,Maize (Makka)
0.40745515,-0.5706183,306,1,314,195,370,129,156,Maize (Makka)
0.41881368,-0.59221864,513,1,180,305,534,198,128,Maize (Makka)
0.15112856,-0.56395346,316,4,180,170,361,109,154,Maize (Makka)
0.18112755,-0.49634215,1694,6,170,402,377,464,112,Maize (Makka)
0.16734119,-0.489842,311,4,270,188,343,143,154,Maize (Makka)
0.2760958,-0.5784412,316,1,134,192,429,140,155,Maize (Makka)
0.30390456,-0.45191944,1822,3,180,339,405,328,117,Maize (Makka)
0.24215472,-0.5318149,1689,3,287,375,382,338,117,Maize (Makka)
0.29948285,-0.43100995,675,2,65,317,499,316,123,Maize (Makka)
0.37996715,-0.4980472,1274,8,165,331,455,279,123,Maize (Makka)
0.5427022,-0.5789938,1239,8,84,367,348,432,122,Maize (Makka)
0.28723675,-0.43259782,350,1,0,232,463,120,152,Maize (Makka)
0.21415803,-0.5257493,292,0,0,193,333,113,154,Maize (Makka)
0.1724138,-0.48161232,294,2,333,181,432,110,155,Maize (Makka)
0.41726866,-0.55182797,1251,2,180,357,422,282,122,Maize (Makka)
0.22841,-0.5504265,282,4,116,199,329,114,154,Maize (Makka)
0.27172738,-0.519337,349,3,214,236,436,138,152,Maize (Makka)
0.4147719,-0.5090795,79,2,301,100,737,486,135,Maize (Makka)
0.23391034,-0.5470892,1155,4,103,198,662,113,147,Maize (Makka)
0.34623432,-0.5290207,514,6,306,249,596,181,135,Maize (Makka)
0.23761836,-0.514276,338,0,0,216,450,139,151,Maize (Makka)
0.2543021,-0.5605393,1676,7,122,407,366,410,116,Maize (Makka)
0.1547647,-0.6259056,634,5,313,324,499,294,124,Maize (Makka)
0.20926517,-0.4904805,290,1,134,362,352,168,149,Maize (Makka)
0.3393551,-0.5200318,360,2,116,213,459,122,151,Maize (Makka)
0.43450153,-0.5117967,226,3,304,171,343,474,116,Maize (Makka)
0.43094495,-0.6241234,391,0,0,292,516,158,128,Maize (Makka)
0.3300585,-0.55249345,334,2,64,191,408,143,153,Maize (Makka)
0.5717868,-0.5411581,1255,3,252,391,356,368,121,Maize (Makka)
0.20793651,-0.5447942,289,4,116,197,335,113,154,Maize (Makka)
0.5717868,-0.5411581,1255,3,252,391,356,368,121,Maize (Makka)
0.3343819,-0.44603902,351,5,246,284,400,470,122,Maize (Makka)
0.3072528,-0.6096486,1509,3,238,348,386,337,124,Maize (Makka)
0.19074309,-0.5200526,294,1,0,171,389,112,154,Maize (Makka)
0.5951853,-0.5321285,53,2,270,112,715,415,133,Maize (Makka)
0.56927544,-0.4873409,707,2,308,252,164,280,135,Maize (Makka)
0.5662028,-0.5222325,1277,5,45,381,364,391,121,Maize (Makka)
0.20456369,-0.5191003,321,3,108,210,472,140,149,Maize (Makka)
0.2887374,-0.571501,1674,8,257,390,399,294,115,Maize (Makka)
0.14698447,-0.42407057,321,3,0,171,373,125,155,Maize (Makka)
0.20911793,-0.46104458,1554,10,259,474,242,323,113,Maize (Makka)
0.12978889,-0.47204283,294,2,153,145,381,100,155,Maize (Makka)
0.30228046,-0.5274452,518,1,312,308,545,157,134,Maize (Makka)
0.5810983,-0.5563226,65,0,0,101,746,466,136,Maize (Makka)
0.24539255,-0.6071383,1569,1,133,433,283,270,112,Maize (Makka)
0.34733054,-0.54545456,406,6,20,277,563,164,133,Maize (Makka)
0.75266314,-0.55293334,1355,4,207,409,354,420,117,Maize (Makka)
0.28613392,-0.5110243,330,2,333,256,394,143,152,Maize (Makka)
0.22356828,-0.5775677,339,5,348,185,412,114,154,Maize (Makka)
0.5671008,-0.3525907,389,3,111,290,297,191,141,Maize (Makka)
0.17902622,-0.48438036,305,2,116,180,464,127,155,Maize (Makka)
0.15642811,-0.50116396,1494,6,160,386,322,328,118,Maize (Makka)
0.66853935,-0.5309651,1168,2,180,381,327,343,127,Maize (Makka)
0.13890909,-0.5287663,21,5,218,216,566,90,157,Maize (Makka)
0.14832573,-0.4161252,304,4,64,197,359,125,155,Maize (Makka)
0.22420481,-0.5282555,314,2,90,192,448,150,155,Maize (Makka)
0.17786855,-0.516536,296,3,214,153,365,105,154,Maize (Makka)
0.3236733,-0.59181476,1655,4,0,403,366,272,117,Maize (Makka)
0.23989965,-0.52619207,334,2,180,239,417,138,151,Maize (Makka)
0.21112865,-0.5604846,316,2,153,188,343,143,154,Maize (Makka)
0.6637539,-0.5735805,1922,2,243,337,424,440,118,Maize (Makka)
0.16202646,-0.5528365,325,2,207,199,419,121,154,Maize (Makka)
0.4565766,-0.63540983,936,4,345,297,538,379,115,Maize (Makka)
0.2220038,-0.54924166,1573,3,107,452,254,316,112,Maize (Makka)
0.31130204,-0.62385964,386,4,195,266,546,148,130,Maize (Makka)
0.18042502,-0.5112065,297,2,0,187,401,110,156,Maize (Makka)
0.24931186,-0.5240836,297,3,0,149,556,77,157,Maize (Makka)
0.68440264,-0.552683,1228,6,72,368,351,415,123,Maize (Makka)
0.19305095,-0.5080397,309,1,90,197,428,142,154,Maize (Makka)
0.1657974,-0.41472727,351,2,116,232,477,118,153,Maize (Makka)
0.43426922,-0.33396643,504,2,53,248,360,147,140,Maize (Makka)
0.2505293,-0.5532045,320,2,0,150,364,117,154,Maize (Makka)
0.7373558,-0.6119144,1618,3,58,414,313,326,114,Maize (Makka)
0.23199293,-0.5415177,319,2,180,157,353,111,155,Maize (Makka)
0.22542204,-0.5480552,337,0,0,202,352,126,154,Maize (Makka)
0.69375,-0.47207448,1265,1,315,335,402,300,124,Maize (Makka)
0.4742319,-0.29638556,227,1,180,180,351,447,119,Maize (Makka)
0.16755319,-0.46150184,316,4,46,154,353,124,155,Maize (Makka)
0.22149019,-0.57039356,1614,4,195,404,336,427,120,Maize (Makka)
0.3790872,-0.60245454,1846,11,15,355,402,367,112,Maize (Makka)
0.24304515,-0.44104803,1206,1,90,317,440,285,127,Maize (Makka)
0.30367923,-0.54226387,1577,3,20,455,253,347,117,Maize (Makka)
0.27232635,-0.6267966,1517,2,28,449,267,283,117,Maize (Makka)
0.2970726,-0.6506329,1514,1,133,464,257,268,113,Maize (Makka)
0.6324968,-0.39364803,457,2,233,264,317,186,142,Maize (Makka)
0.23671997,-0.5556484,449,4,180,239,597,143,135,Maize (Makka)
0.20195504,-0.5643631,293,2,296,148,411,105,155,Maize (Makka)
0.40158924,-0.46173468,1658,13,119,417,369,281,118,Maize (Makka)
0.33292744,-0.5264857,333,3,72,222,403,177,153,Maize (Makka)
0.6426865,-0.5455128,1250,3,0,400,339,390,120,Maize (Makka)
0.33953488,-0.49734685,558,7,17,299,555,168,131,Maize (Makka)
0.17042074,-0.52529585,318,5,291,163,351,118,152,Maize (Makka)
0.19497785,-0.4705572,304,2,244,180,464,127,155,Maize (Makka)
0.44745475,-0.50138646,1445,4,45,428,336,390,118,Maize (Makka)
0.34226343,-0.47492826,1165,1,90,397,388,269,133,Maize (Makka)
0.23184358,-0.47773075,292,1,134,138,378,104,155,Maize (Makka)
0.36099586,-0.636465,1826,5,270,355,441,314,114,Maize (Makka)
0.27708334,-0.60294443,1568,2,28,424,306,266,110,Maize (Makka)
0.29057252,-0.53424114,304,1,226,198,396,136,153,Maize (Makka)
0.2939759,-0.52814776,303,1,314,177,364,134,156,Maize (Makka)
0.3482476,-0.63040406,387,1,228,268,579,164,132,Maize (Makka)
0.31508633,-0.61538464,1656,1,0,396,366,303,107,Maize (Makka)
0.4204867,-0.5807077,768,8,297,340,492,233,128,Maize (Makka)
0.22622183,-0.4820064,1588,5,281,381,415,284,109,Maize (Makka)
0.15625238,-0.450924,326,0,0,211,482,128,150,Maize (Makka)
0.43002832,-0.5598872,503,6,147,251,597,159,135,Maize (Makka)
0.18395914,-0.5245317,325,1,46,216,477,158,148,Maize (Makka)
0.20214525,-0.5111729,306,2,207,179,406,113,156,Maize (Makka)
0.68716735,-0.5090715,1205,5,281,351,421,336,123,Maize (Makka)
0.24287933,-0.5445951,432,2,180,266,600,148,134,Maize (Makka)
0.8208503,-0.5443162,61,2,270,90,755,520,137,Maize (Makka)
0.19145775,-0.52983844,310,2,270,197,344,138,155,Maize (Makka)
0.25281006,-0.5202773,324,5,46,157,355,111,155,Maize (Makka)
0.24957587,-0.50854164,347,3,46,223,456,152,152,Maize (Makka)
0.55724967,-0.45634988,58,3,0,104,732,494,137,Maize (Makka)
0.23964788,-0.6413998,2112,1,0,350,417,391,117,Maize (Makka)
0.19413593,-0.53325367,303,2,244,180,464,127,155,Maize (Makka)
0.31675676,-0.53249747,777,6,350,296,499,335,121,Maize (Makka)
0.2642362,-0.4940586,317,2,64,184,441,113,153,Maize (Makka)
0.23765144,-0.5405382,351,2,153,229,461,124,151,Maize (Makka)
0.62138087,-0.503967,1169,3,34,389,330,390,125,Maize (Makka)
0.2372357,-0.59739816,1591,7,295,381,415,284,109,Maize (Makka)
0.392,-0.58781934,1582,3,133,444,272,286,111,Maize (Makka)
0.69919544,-0.5295929,77,3,180,142,580,560,132,Maize (Makka)
0.63916945,-0.51444334,1187,2,207,354,395,274,130,Maize (Makka)
0.20155175,-0.46534654,305,2,180,196,441,136,155,Maize (Makka)
0.3446838,-0.5451018,1657,2,65,400,378,333,118,Maize (Makka)
0.18276149,-0.4563107,326,0,0,211,482,128,150,Maize (Makka)
0.2174597,-0.5313352,306,4,256,213,423,148,153,Maize (Makka)
0.25187033,-0.5455727,311,2,270,197,435,154,157,Maize (Makka)
0.31734523,-0.52190053,1567,1,180,431,287,273,111,Maize (Makka)
0.2992021,-0.58392906,1669,4,90,391,368,306,108,Maize (Makka)
0.1448701,-0.5189168,304,4,27,184,487,71,158,Maize (Makka)
0.5006468,-0.47952545,1679,9,133,391,372,341,115,Maize (Makka)
0.33312845,-0.5547098,1652,1,90,420,353,309,120,Maize (Makka)
0.093468465,-0.38692334,298,2,244,211,507,70,159,Maize (Makka)
0.26944783,-0.6075815,342,3,123,245,429,149,150,Maize (Makka)
0.27014613,-0.5691947,351,1,180,234,445,142,152,Maize (Makka)
0.56776166,-0.52483803,1346,5,127,437,326,427,120,Maize (Makka)
0.55025125,-0.53148615,1261,4,153,359,377,380,122,Maize (Makka)
0.20300047,-0.5566559,293,2,244,149,363,105,154,Maize (Makka)
0.635949,-0.54835755,1275,4,90,383,364,436,119,Maize (Makka)
0.13963783,-0.49461797,339,4,14,185,364,108,157,Maize (Makka)
0.5194532,-0.58993375,334,4,0,249,449,147,150,Maize (Makka)
0.33468834,-0.5830073,475,3,253,253,615,138,136,Maize (Makka)
0.31562576,-0.6214599,341,1,270,185,364,108,157,Maize (Makka)
0.2672414,-0.5497301,462,2,114,245,607,161,135,Maize (Makka)
0.3270334,-0.59301466,1621,1,90,411,344,326,116,Maize (Makka)
0.15064758,-0.45810938,292,4,14,152,367,109,155,Maize (Makka)
0.20808081,-0.561135,317,1,134,185,441,140,155,Maize (Makka)
0.17245582,-0.52640784,312,5,22,158,369,111,153,Maize (Makka)
0.65334207,-0.48901305,1183,3,252,351,419,350,123,Maize (Makka)
0.64555717,-0.5482576,66,5,90,90,784,463,135,Maize (Makka)
0.33526683,-0.5780611,460,1,90,222,638,143,137,Maize (Makka)
0.20068854,-0.5545101,360,2,244,257,433,127,153,Maize (Makka)
0.25884908,-0.53269535,338,3,303,230,460,129,150,Maize (Makka)
0.18311292,-0.51902175,332,3,226,169,488,123,156,Maize (Makka)
0.22817174,-0.5270698,1492,2,270,493,193,395,115,Maize (Makka)
0.21967675,-0.5485238,1530,4,47,367,362,321,122,Maize (Makka)
0.13386081,-0.3824124,1873,13,17,338,404,408,114,Maize (Makka)
0.576405,-0.5430475,51,4,239,112,726,459,135,Maize (Makka)
0.7742696,-0.5954546,57,6,327,81,776,493,133,Maize (Makka)
0.33178115,-0.55285037,1680,3,227,388,362,333,116,Maize (Makka)
0.25473794,-0.5559268,1489,2,208,477,243,299,111,Maize (Makka)
0.18526316,-0.5618788,1335,3,133,320,473,112,152,Maize (Makka)
0.16253644,-0.52376455,24,2,296,234,583,82,156,Maize (Makka)
0.716435,-0.5473754,1246,5,338,396,356,368,120,Maize (Makka)
0.4834685,-0.5595777,1487,5,90,329,438,298,132,Maize (Makka)
0.43566364,-0.52686405,882,2,28,330,528,432,122,Maize (Makka)
0.2656535,-0.5535854,772,7,294,328,498,239,128,Maize (Makka)
0.38054726,-0.5524221,310,3,0,191,477,140,155,Maize (Makka)
0.32133794,-0.5754736,299,1,226,170,375,151,156,Maize (Makka)
0.37024942,-0.6205912,1305,3,0,345,479,360,123,Maize (Makka)
0.16027941,-0.5258829,312,5,22,202,459,115,153,Maize (Makka)
0.2121519,-0.5415609,1679,5,212,372,379,338,117,Maize (Makka)
0.46841478,-0.56783,819,6,90,296,483,326,118,Maize (Makka)
0.22729553,-0.5408034,528,3,0,290,551,160,135,Maize (Makka)
0.31444922,-0.60358024,1614,1,270,437,327,277,116,Maize (Makka)
0.17290948,-0.41973555,289,2,90,187,407,124,153,Maize (Makka)
0.27632108,-0.5418665,1663,5,0,397,376,362,122,Maize (Makka)
0.40514633,-0.61324835,330,1,90,232,461,122,148,Maize (Makka)
0.16660845,-0.5329324,32,1,180,110,812,85,168,Maize (Makka)
0.2795998,-0.6025311,382,3,107,273,578,154,132,Maize (Makka)
0.3368474,-0.4092414,44,3,151,98,743,464,138,Maize (Makka)
0.65829,-0.50414115,60,2,0,87,772,422,133,Maize (Makka)
0.72838956,-0.59186906,1929,6,140,331,402,403,115,Maize (Makka)
0.24848485,-0.50601214,342,3,326,244,436,132,151,Maize (Makka)
0.34794226,-0.48656717,1671,8,31,391,372,341,115,Maize (Makka)
0.3657886,-0.6423615,302,5,348,179,387,133,156,Maize (Makka)
0.44220102,-0.5197923,1257,1,0,396,350,364,120,Maize (Makka)
0.26269445,-0.59462935,1573,3,20,432,281,276,111,Maize (Makka)
0.2849566,-0.51223814,307,1,270,185,359,110,154,Maize (Makka)
0.46839118,-0.46015906,77,2,90,78,786,419,135,Maize (Makka)
0.27251357,-0.5426001,352,2,153,221,456,138,152,Maize (Makka)
0.14065368,-0.52204615,1402,2,180,177,651,128,157,Maize (Makka)
0.752474,-0.49678987,1177,4,180,360,414,337,127,Maize (Makka)
0.57446074,-0.60810375,54,2,301,81,771,469,134,Maize (Makka)
0.72621185,-0.5470748,1274,3,90,403,356,384,120,Maize (Makka)
0.18332659,-0.52251023,304,3,288,198,396,136,153,Maize (Makka)
0.7855785,-0.5664283,1184,4,284,411,347,415,125,Maize (Makka)
0.4382694,-0.6034979,342,1,0,236,452,148,153,Maize (Makka)
0.18788292,-0.49096826,345,1,180,251,443,142,150,Maize (Makka)
0.17886253,-0.52566665,325,1,270,224,480,144,149,Maize (Makka)
0.6302988,-0.5676652,1167,3,0,387,329,374,126,Maize (Makka)
0.28859657,-0.5669237,1949,5,227,331,396,361,114,Maize (Makka)
0.45888367,-0.45799807,58,2,141,96,721,413,135,Maize (Makka)
0.7118548,-0.48110464,1246,3,236,308,452,295,127,Maize (Makka)
0.3782196,-0.56355655,681,1,47,323,473,342,117,Maize (Makka)
0.29646724,-0.5095721,1473,2,180,471,257,281,110,Maize (Makka)
0.50016063,-0.52281225,638,10,191,308,527,314,123,Maize (Makka)
0.20179671,-0.5358117,345,4,90,226,462,131,153,Maize (Makka)
0.13814877,-0.42209318,288,1,226,223,353,111,155,Maize (Makka)
0.1831692,-0.5755605,341,3,270,181,542,75,158,Maize (Makka)
0.26489028,-0.5260687,1627,5,157,444,311,332,111,Maize (Makka)
0.24293286,-0.5137597,1161,1,90,198,655,116,149,Maize (Makka)
0.65088207,-0.47234094,451,3,308,295,262,149,140,Maize (Makka)
0.53258294,-0.47471133,64,2,270,101,751,532,135,Maize (Makka)
0.15221146,-0.42799482,296,3,270,188,514,89,159,Maize (Makka)
0.64746946,-0.5896668,1909,6,141,341,412,437,120,Maize (Makka)
0.44546577,-0.3960711,250,3,72,184,356,560,109,Maize (Makka)
0.26261887,-0.55840415,1248,4,313,322,453,294,125,Maize (Makka)
0.49489954,-0.53846157,772,3,340,323,496,191,127,Maize (Makka)
0.24108464,-0.5267734,348,0,0,239,425,130,152,Maize (Makka)
0.39033458,-0.3631523,663,1,0,289,173,240,136,Maize (Makka)
0.12978889,-0.47204283,294,2,153,145,381,100,155,Maize (Makka)
0.41196728,-0.5360976,1560,1,135,347,408,301,130,Maize (Makka)
0.17856501,-0.480119,300,0,0,182,398,125,156,Maize (Makka)
0.27906978,-0.6264895,302,2,207,213,423,152,152,Maize (Makka)
0.40579468,-0.5661639,1655,8,15,408,354,334,121,Maize (Makka)
0.24304622,-0.5164602,314,2,207,192,448,150,155,Maize (Makka)
0.31169862,-0.5771779,327,0,0,217,450,141,152,Maize (Makka)
0.27651733,-0.5257017,1524,1,90,377,339,317,119,Maize (Makka)
0.34729064,-0.58972913,1615,1,90,445,325,304,109,Maize (Makka)
0.3217198,-0.46855563,5,0,0,297,389,536,135,Maize (Makka)
0.5081757,-0.52502394,1228,1,135,326,451,208,135,Maize (Makka)
0.40857592,-0.5911749,1540,0,0,467,272,280,112,Maize (Makka)
0.1793583,-0.46513137,352,1,0,243,434,137,150,Maize (Makka)
0.66479355,-0.5347579,1258,2,153,396,350,364,120,Maize (Makka)
0.44395924,-0.5112462,323,0,0,175,463,127,154,Maize (Makka)
0.6760014,-0.504756,78,4,239,79,783,500,136,Maize (Makka)
0.20604782,-0.505921,358,4,270,221,449,137,153,Maize (Makka)
0.16798846,-0.4658564,318,4,166,194,337,135,156,Maize (Makka)
0.4912541,-0.5263542,1167,3,252,387,329,374,126,Maize (Makka)
0.18419127,-0.5560766,339,1,134,185,412,121,155,Maize (Makka)
0.25801954,-0.40290442,1129,1,313,319,435,256,127,Maize (Makka)
0.44883972,-0.50312924,81,2,121,88,752,457,136,Maize (Makka)
0.2023933,-0.47638747,345,3,134,244,436,138,152,Maize (Makka)
0.25176728,-0.57797194,1537,2,152,453,277,278,112,Maize (Makka)
0.18833357,-0.46882424,26,3,134,183,666,82,158,Maize (Makka)
0.19528377,-0.47395557,300,2,27,181,385,129,156,Maize (Makka)
0.16766678,-0.47990257,292,3,237,171,389,112,154,Maize (Makka)
0.24006096,-0.5108076,287,1,90,187,407,124,153,Maize (Makka)
0.75902337,-0.53279155,1234,5,270,434,362,348,123,Maize (Makka)
0.7844439,-0.5244452,30,2,90,123,691,559,133,Maize (Makka)
0.15271494,-0.48726737,11,4,284,141,766,110,156,Other_Crop
0.6132544,-0.4110368,58,2,59,111,692,475,135,Other_Crop
0.26955602,-0.5034948,532,8,137,275,559,161,133,Other_Crop
0.4086116,-0.42482612,68,2,235,333,339,738,123,Other_Crop
0.8162725,-0.5379807,866,13,225,391,438,239,125,Other_Crop
0.435872,-0.50658214,84,0,0,297,271,416,132,Other_Crop
0.1968998,-0.50968176,292,4,166,198,331,102,155,Other_Crop
0.7265877,-0.39135513,239,3,215,411,266,626,121,Other_Crop
0.65179545,-0.37135616,444,23,105,421,267,706,108,Other_Crop
0.39537573,-0.46810037,195,2,0,270,114,419,128,Other_Crop
0.62954324,-0.4967778,920,10,270,324,434,563,110,Other_Crop
0.3043478,-0.4552345,173,2,234,211,429,396,142,Other_Crop
0.5428389,-0.46950155,270,5,54,175,470,399,132,Other_Crop
0.87854785,-0.4727344,188,4,270,183,415,581,93,Other_Crop
0.641604,-0.48122066,207,2,56,180,427,593,117,Other_Crop
0.36277446,-0.49019077,220,2,214,210,442,526,135,Other_Crop
0.7234432,-0.40440655,96,5,294,273,244,366,131,Other_Crop
0.85206854,-0.6773845,644,11,44,339,474,250,121,Other_Crop
0.53823745,-0.43927568,255,2,0,144,595,501,138,Other_Crop
0.7174852,-0.5397295,864,2,0,296,534,405,116,Other_Crop
0.78914124,-0.6073975,95,4,102,281,229,364,133,Other_Crop
0.22420122,-0.020375293,986,20,270,352,388,598,110,Other_Crop
0.19703275,-0.5806475,17,2,180,102,822,91,157,Other_Crop
0.7496058,-0.4967678,17,2,236,130,599,452,108,Other_Crop
0.19165425,-0.46382502,1564,4,90,389,324,279,114,Other_Crop
0.8143223,-0.5626612,202,2,216,179,518,700,120,Other_Crop
0.19699353,-0.47812548,310,4,346,198,526,75,158,Other_Crop
0.2625976,-0.348535,21,3,72,304,489,189,149,Other_Crop
0.64308,-0.448516,155,1,0,240,188,448,133,Other_Crop
0.23774898,-0.46022037,1779,5,157,361,380,362,121,Other_Crop
0.50452036,-0.5588344,1383,4,194,457,323,431,120,Other_Crop
0.7016519,-0.46550652,79,16,276,253,291,552,124,Other_Crop
0.38177624,-0.50527704,44,3,0,123,532,554,111,Other_Crop
0.72783345,-0.4379366,358,4,0,300,335,302,107,Other_Crop
0.32501486,-0.34495232,9,1,0,167,393,786,112,Other_Crop
0.6380368,-0.48958334,380,1,180,243,293,589,135,Other_Crop
0.77959317,-0.4342762,100,10,95,380,293,728,119,Other_Crop
0.6272523,-0.48728967,80,1,270,267,242,510,127,Other_Crop
0.6917015,-0.5226016,1219,9,205,356,365,694,103,Other_Crop
0.56577414,-0.45802048,374,1,180,245,409,404,117,Other_Crop
0.6812749,-0.55064636,45,2,270,102,730,560,134,Other_Crop
0.6942966,-0.53171927,198,3,127,220,379,424,139,Other_Crop
0.43170232,-0.5768704,1953,13,142,366,390,413,114,Other_Crop
0.8357278,-0.6759377,59,4,0,88,776,689,127,Other_Crop
0.4743905,-0.5584416,221,5,0,212,363,549,118,Other_Crop
0.6211044,-0.3703216,738,1,313,346,419,581,114,Other_Crop
0.78122765,-0.44834968,988,6,221,338,376,533,112,Other_Crop
0.7086735,-0.5085995,116,3,303,237,183,415,126,Other_Crop
0.53045684,-0.46600384,52,0,0,95,763,536,133,Other_Crop
0.7249458,-0.4108527,480,2,145,262,401,557,128,Other_Crop
0.8296296,-0.51821864,253,3,270,206,495,972,119,Other_Crop
0.6767336,-0.5174521,185,5,54,204,379,415,141,Other_Crop
0.12607296,-0.39220327,48,2,207,252,582,144,148,Other_Crop
0.420191,-0.61391693,542,3,144,307,539,207,126,Other_Crop
0.65363127,-0.39671725,156,12,203,396,261,635,118,Other_Crop
0.3175533,-0.51451427,318,3,180,172,494,129,154,Other_Crop
0.58458525,-0.55721205,369,2,58,238,350,550,120,Other_Crop
0.17951043,-0.4259063,229,3,234,276,151,383,139,Other_Crop
0.15737952,-0.51225686,20,3,270,231,552,105,156,Other_Crop
0.16077027,-0.5464371,313,1,90,172,361,108,153,Other_Crop
0.73948836,-0.5043029,149,1,180,269,119,449,127,Other_Crop
0.7553044,-0.2833087,140,8,14,381,258,569,121,Other_Crop
0.6907395,-0.59910583,843,3,313,295,511,358,117,Other_Crop
0.6680498,-0.50886524,113,1,0,279,247,338,134,Other_Crop
0.74075174,-0.49364406,55,14,223,334,251,553,120,Other_Crop
0.3326791,-0.47491032,1617,3,238,402,331,351,119,Other_Crop
0.5696056,-0.53502315,217,2,326,248,259,495,134,Other_Crop
0.3146678,-0.36471355,108,2,0,247,216,417,128,Other_Crop
0.67532605,-0.44123194,38,6,27,384,243,609,116,Other_Crop
0.52159053,-0.6367724,215,2,306,169,506,447,138,Other_Crop
0.7683453,-0.38756758,119,19,210,345,283,599,124,Other_Crop
0.70193404,-0.5249961,972,2,153,359,454,185,126,Other_Crop
0.6807802,-0.60119045,220,2,304,216,358,669,111,Other_Crop
0.8065661,-0.54660606,196,0,0,204,526,427,140,Other_Crop
0.7416854,-0.44459596,82,9,333,243,317,656,119,Other_Crop
0.44428223,-0.49005234,91,3,153,306,312,338,130,Other_Crop
0.32731062,-0.5660036,1778,5,23,375,415,308,116,Other_Crop
0.8066738,-0.47220448,116,4,90,270,431,411,113,Other_Crop
0.8090909,-0.527745,90,2,0,400,111,442,137,Other_Crop
0.80580676,-0.5313498,85,2,145,436,157,427,133,Other_Crop
0.1439714,-0.5078461,29,2,244,109,813,85,168,Other_Crop
0.8365468,-0.65771544,27,2,219,131,661,596,128,Other_Crop
0.7667251,-0.45026177,79,1,180,247,295,522,124,Other_Crop
0.72534174,-0.50498754,228,2,56,153,383,464,115,Other_Crop
0.17261055,-0.59939533,300,3,226,172,394,130,156,Other_Crop
0.7605007,-0.6270296,863,3,227,332,475,459,114,Other_Crop
0.59225184,-0.43093595,110,3,124,277,277,461,129,Other_Crop
0.21532992,-0.4959038,296,0,0,178,495,115,155,Other_Crop
0.438801,-0.53775215,1816,10,112,402,401,348,113,Other_Crop
0.27002478,-0.4233392,566,6,312,300,564,174,132,Other_Crop
0.28010735,-0.5374033,324,2,153,173,454,127,154,Other_Crop
0.8155509,-0.419518,119,5,111,374,282,516,127,Other_Crop
0.486758,-0.42449465,250,1,0,179,493,535,138,Other_Crop
0.7914279,-0.5544652,261,2,126,271,235,995,132,Other_Crop
0.80668473,-0.5525114,54,2,0,93,745,589,128,Other_Crop
0.75377756,-0.50065446,127,1,270,266,154,699,119,Other_Crop
0.39991537,-0.45695695,325,0,0,210,438,317,107,Other_Crop
0.6925492,-0.39592284,312,11,255,427,251,611,116,Other_Crop
0.481982,-0.48689213,267,3,180,234,370,540,133,Other_Crop
0.85957664,-0.55050284,15,1,90,148,398,687,111,Other_Crop
0.24365596,-0.22694175,140,2,143,248,86,439,130,Other_Crop
0.6217016,-0.4493809,349,2,126,173,460,396,138,Other_Crop
0.76281595,-0.4237695,2,0,0,141,357,881,113,Other_Crop
0.29248494,-0.45877814,238,2,143,157,394,433,115,Other_Crop
0.7258567,-0.5522489,141,6,207,218,244,550,129,Other_Crop
0.33841902,-0.38074696,101,0,0,226,239,349,133,Other_Crop
0.35971588,-0.619609,1587,1,47,413,279,341,113,Other_Crop
0.7181409,-0.5614233,58,2,59,105,737,666,130,Other_Crop
0.3748191,-0.5603448,175,1,0,232,428,560,138,Other_Crop
0.7484919,-0.5246281,225,2,126,323,196,363,141,Other_Crop
0.47698972,-0.40496367,252,2,126,298,297,622,135,Other_Crop
0.11446794,0.14596859,188,16,264,385,261,606,115,Other_Crop
0.6188493,-0.51224047,357,0,0,248,398,471,122,Other_Crop
0.70014095,-0.4744107,333,3,237,221,468,383,118,Other_Crop
0.57660705,-0.5509646,220,3,156,162,494,590,136,Other_Crop
0.43935466,-0.50174546,117,3,270,246,237,413,133,Other_Crop
0.5827981,-0.43377483,5,2,237,170,372,833,108,Other_Crop
0.1449016,-0.44588745,297,2,244,207,436,106,154,Other_Crop
0.8335965,-0.33202216,281,2,34,208,375,414,140,Other_Crop
0.70669293,-0.5012704,168,1,270,201,442,573,126,Other_Crop
0.49341002,-0.54383785,72,3,107,87,759,457,134,Other_Crop
0.22656786,-0.48253453,1368,7,270,388,412,313,121,Other_Crop
0.5029364,-0.515278,9,3,205,193,419,604,108,Other_Crop
0.67500913,-0.57935095,58,4,180,269,346,634,123,Other_Crop
0.699877,-0.41044775,125,4,159,244,155,407,130,Other_Crop
0.31740615,-0.43996015,239,4,19,169,618,494,131,Other_Crop
0.7348499,-0.40506893,32,5,306,375,244,626,126,Other_Crop
0.21010475,-0.52022386,335,3,288,155,492,132,156,Other_Crop
0.41973153,-0.4319978,49,1,270,206,660,108,150,Other_Crop
0.22401172,-0.57298476,116,2,304,264,251,349,132,Other_Crop
0.20532836,-0.5495396,297,2,116,211,502,65,157,Other_Crop
0.16922212,-0.49941808,15,4,166,134,754,126,157,Other_Crop
0.47090366,-0.40555364,334,3,333,173,550,541,126,Other_Crop
0.51449937,-0.5162173,1121,4,0,91,469,641,90,Other_Crop
0.32930514,-0.35688853,156,2,0,269,133,436,129,Other_Crop
0.27708334,-0.3916084,247,1,180,223,329,659,129,Other_Crop
0.3618725,-0.62322307,4,1,46,129,720,223,148,Other_Crop
0.33463797,-0.48186737,20,3,161,144,723,129,154,Other_Crop
0.44536993,-0.44028816,76,2,55,339,286,422,124,Other_Crop
0.7150329,-0.39890522,331,5,212,414,259,608,121,Other_Crop
0.77364475,-0.531418,99,1,270,202,425,500,131,Other_Crop
0.4139864,-0.39008042,3,1,270,168,365,959,103,Other_Crop
0.7737951,-0.546875,643,1,133,376,430,545,115,Other_Crop
0.31312442,-0.5649109,18,2,64,178,654,127,154,Other_Crop
0.60529506,-0.3921706,39,7,172,391,322,588,122,Other_Crop
0.21770197,-0.40405616,96,2,303,234,148,342,128,Other_Crop
0.5782349,-0.504228,214,3,110,260,384,442,135,Other_Crop
0.4783699,-0.5312883,186,2,237,282,119,320,128,Other_Crop
0.2667035,-0.44612253,520,4,117,243,331,168,140,Other_Crop
0.3381295,-0.4909137,80,0,0,126,558,372,118,Other_Crop
0.46393588,-0.45454547,37,5,0,120,571,413,116,Other_Crop
0.1293419,-0.39050168,298,2,333,210,535,92,159,Other_Crop
0.43818492,-0.62639886,1602,6,279,393,402,304,109,Other_Crop
0.6115607,-0.42398974,13,2,57,193,372,935,114,Other_Crop
0.61559284,-0.4387469,352,5,343,307,353,310,106,Other_Crop
0.49347728,-0.496759,344,1,90,339,246,764,126,Other_Crop
0.77349895,-0.6354543,1703,21,139,395,370,404,118,Other_Crop
0.78490895,-0.5876494,51,2,125,135,575,517,112,Other_Crop
0.7788119,-0.5287325,682,11,206,312,416,492,115,Other_Crop
0.50914127,-0.5154091,91,1,270,224,400,464,136,Other_Crop
0.1969222,0.020245602,1016,14,235,352,388,681,108,Other_Crop
0.86428005,-0.50689125,897,26,316,366,386,659,108,Other_Crop
0.7502614,-0.38600907,108,12,325,256,216,386,127,Other_Crop
0.8431453,-0.6100805,210,3,290,345,276,500,140,Other_Crop
0.6963385,-0.44637507,147,1,0,240,116,371,130,Other_Crop
0.35985026,-0.33505487,163,2,123,214,122,317,129,Other_Crop
0.25857234,-0.41581482,21,3,270,110,582,394,120,Other_Crop
0.3146405,-0.4422311,153,2,304,259,114,387,131,Other_Crop
0.7140935,-0.41210264,164,2,180,269,136,351,130,Other_Crop
0.7061085,-0.49626034,88,5,124,230,257,568,120,Other_Crop
0.5916543,-0.6157484,930,10,44,358,464,345,121,Other_Crop
0.84138185,-0.51663584,112,3,180,261,197,468,126,Other_Crop
0.73846346,-0.33666334,97,1,0,271,190,419,129,Other_Crop
0.7153846,-0.6056844,87,3,270,294,213,446,130,Other_Crop
0.84182507,-0.48518434,279,11,229,417,253,606,116,Other_Crop
0.80074906,-0.5459609,432,5,270,421,259,619,111,Other_Crop
0.77452415,-0.48227474,367,2,306,274,280,588,131,Other_Crop
0.56171286,-0.35418236,433,1,270,252,231,696,132,Other_Crop
0.8114424,-0.48800316,18,8,233,111,693,633,119,Other_Crop
0.32602534,-0.5528065,173,1,180,295,339,490,143,Other_Crop
0.2863388,-0.4664439,238,2,304,282,229,615,104,Other_Crop
0.21134555,-0.46829036,84,2,124,247,303,344,129,Other_Crop
0.18644583,-0.38016573,42,1,134,227,603,137,148,Other_Crop
0.57816166,-0.42245448,241,1,270,156,366,446,112,Other_Crop
0.64750713,-0.39067525,72,6,180,276,494,478,119,Other_Crop
0.2480664,-0.43974197,247,0,0,284,280,620,134,Other_Crop
0.18244292,-0.5716283,307,2,180,185,385,129,156,Other_Crop
0.7010526,-0.29875454,426,3,73,323,388,614,115,Other_Crop
0.8072034,-0.5488959,250,3,70,158,463,649,131,Other_Crop
0.23276351,-0.34679705,32,9,113,251,569,135,147,Other_Crop
0.24410933,-0.54820937,741,1,46,224,559,177,133,Other_Crop
0.26597324,-0.48686704,230,3,90,153,520,538,132,Other_Crop
0.46525517,-0.5513558,182,2,234,304,314,472,140,Other_Crop
0.20276497,-0.50308853,309,1,180,198,396,136,153,Other_Crop
0.6010948,-0.295006,60,0,0,81,797,438,135,Other_Crop
0.5209935,-0.37980157,28,5,32,386,319,519,129,Other_Crop
0.7278817,-0.45931283,522,1,180,187,415,991,119,Other_Crop
0.36167577,-0.2992165,329,2,303,141,579,598,119,Other_Crop
0.3177471,-0.36553946,221,1,270,186,441,610,133,Other_Crop
0.24460784,-0.4741474,232,4,199,194,468,724,131,Other_Crop
0.81217253,-0.48181012,79,1,0,95,764,551,127,Other_Crop
0.38398954,-0.35307062,1649,3,90,447,306,294,117,Other_Crop
0.69881403,-0.40913415,80,3,180,241,327,513,123,Other_Crop
0.5477497,-0.5336705,192,2,0,250,440,445,137,Other_Crop
0.20642154,-0.5674791,310,2,207,182,386,124,155,Other_Crop
0.6715021,-0.500348,87,0,0,365,107,562,136,Other_Crop
0.30911842,-0.6126606,1572,3,270,398,326,281,114,Other_Crop
0.5357204,-0.2544886,1015,9,270,379,342,724,109,Other_Crop
0.42234716,-0.5358114,363,2,66,283,520,162,132,Other_Crop
0.34629473,-0.54247475,213,4,90,196,500,499,135,Other_Crop
0.3810044,-0.40404874,43,5,90,206,660,151,150,Other_Crop
0.6971991,-0.52737546,93,1,180,279,336,529,121,Other_Crop
0.26671913,-0.5560098,1545,1,0,460,272,289,112,Other_Crop
0.27722505,-0.3951528,12,7,180,199,350,863,113,Other_Crop
0.76102024,-0.5272727,142,1,180,189,197,321,125,Other_Crop
0.4504331,-0.48100284,238,1,0,205,462,554,131,Other_Crop
0.8236824,-0.43193126,36,11,300,360,245,671,112,Other_Crop
0.19928187,-0.4924431,293,3,46,163,395,107,155,Other_Crop
0.72283274,-0.48643273,352,2,143,254,428,544,122,Other_Crop
0.15386896,-0.4777087,29,2,270,80,864,73,169,Other_Crop
0.734962,-0.46284288,728,9,295,323,398,489,114,Other_Crop
0.22136818,-0.4447985,154,2,180,260,147,430,130,Other_Crop
0.85467523,-0.52322364,827,3,341,275,469,554,116,Other_Crop
0.5262442,-0.37807122,641,2,127,238,275,176,138,Other_Crop
0.6135164,-0.52948886,495,2,180,241,380,456,120,Other_Crop
0.58785623,-0.5911902,331,0,0,164,565,586,120,Other_Crop
0.66631526,-0.47800297,641,2,0,289,203,410,96,Other_Crop
0.7830908,-0.40520096,242,21,300,394,244,579,125,Other_Crop
0.22639175,-0.46206608,312,1,0,203,422,137,155,Other_Crop
0.21010426,-0.47845304,14,4,77,131,571,367,119,Other_Crop
0.081145704,-0.30971807,716,3,158,218,452,215,140,Other_Crop
0.7265921,-0.6135502,1697,10,55,427,365,323,117,Other_Crop
0.5806018,-0.5094126,94,8,339,236,244,381,126,Other_Crop
0.24891175,-0.50535685,324,1,46,198,432,112,155,Other_Crop
0.56572956,-0.478125,11,2,57,201,353,783,107,Other_Crop
0.5041732,-0.26505277,1047,12,30,353,368,751,109,Other_Crop
0.7035848,-0.5632721,93,2,0,280,296,499,136,Other_Crop
0.23830539,-0.5112239,525,1,0,321,542,173,131,Other_Crop
0.28876624,-0.5575345,339,1,180,209,435,128,152,Other_Crop
0.5998827,-0.5701091,774,1,0,298,470,265,118,Other_Crop
0.26164874,-0.17344354,672,7,188,326,409,535,119,Other_Crop
0.2348417,-0.5128423,330,4,256,183,369,106,155,Other_Crop
0.83756346,-0.5089964,41,3,90,108,569,499,112,Other_Crop
0.49495462,-0.4755877,42,1,46,227,603,132,147,Other_Crop
0.45725393,-0.41906062,454,1,180,291,243,163,141,Other_Crop
0.4246816,-0.19984303,986,12,237,368,389,639,111,Other_Crop
0.6859666,-0.5489022,353,2,180,283,279,390,115,Other_Crop
0.5790186,-0.4330833,178,1,0,271,141,424,129,Other_Crop
0.8252283,-0.4991166,54,8,64,353,259,609,123,Other_Crop
0.53659904,-0.46924198,94,2,217,310,279,371,132,Other_Crop
0.25204533,-0.5018017,365,0,0,262,443,134,149,Other_Crop
0.37241948,-0.19504425,1102,3,227,352,406,473,109,Other_Crop
0.63449264,-0.50908786,291,2,304,231,328,517,117,Other_Crop
0.11853418,-0.06621392,257,9,240,338,420,495,116,Other_Crop
0.5724736,-0.54747605,319,1,180,240,301,568,110,Other_Crop
0.81221664,-0.5285278,669,4,313,319,518,312,119,Other_Crop
0.361966,-0.23320158,216,6,109,232,314,832,123,Other_Crop
0.8321405,-0.40551838,135,3,90,310,430,428,112,Other_Crop
0.37773958,-0.4862783,938,2,270,326,470,228,128,Other_Crop
0.8642258,-0.5696995,921,10,270,327,438,542,112,Other_Crop
0.32473832,-0.59184897,1421,13,136,321,500,300,127,Other_Crop
0.31119025,-0.5521499,293,3,108,171,369,110,154,Other_Crop
0.74329555,-0.5502935,120,2,305,166,506,937,108,Other_Crop
0.69049305,-0.51052445,70,2,325,247,353,1193,122,Other_Crop
0.71956086,-0.504717,36,5,235,312,493,634,117,Other_Crop
0.67324954,-0.42065063,995,7,285,368,389,639,111,Other_Crop
0.74255764,-0.45296618,41,4,90,142,550,489,117,Other_Crop
0.57138026,-0.60504735,57,2,39,89,754,510,136,Other_Crop
0.7812315,-0.52245647,108,2,123,264,172,364,127,Other_Crop
0.45787442,-0.30506247,234,8,227,335,417,515,118,Other_Crop
0.4467698,-0.50085855,1546,2,180,458,239,374,123,Other_Crop
0.82691437,-0.45189002,357,5,202,415,262,577,123,Other_Crop
0.5833333,-0.4187192,157,2,236,232,155,396,129,Other_Crop
0.8666369,-0.49307358,1113,11,5,364,341,652,109,Other_Crop
0.5108808,-0.4793883,76,3,155,214,403,978,123,Other_Crop
0.33235076,-0.46913424,222,2,234,189,441,485,135,Other_Crop
0.44835302,-0.32507917,243,3,109,209,286,1264,111,Other_Crop
0.7454058,-0.42654425,512,12,166,344,405,637,114,Other_Crop
0.42458934,-0.133774,194,2,53,308,300,441,142,Other_Crop
0.5515277,-0.4552696,87,2,325,296,310,519,123,Other_Crop
0.24529275,-0.55762714,1629,6,81,402,351,295,113,Other_Crop
0.59487975,-0.4325516,466,2,327,276,289,188,142,Other_Crop
0.78649515,-0.49408406,94,4,226,225,293,371,132,Other_Crop
0.23677053,-0.53966963,24,2,90,179,706,137,152,Other_Crop
0.5988372,-0.54486275,1400,7,171,360,360,609,107,Other_Crop
0.34520024,-0.5659631,1563,1,270,414,326,314,113,Other_Crop
0.6873546,-0.53915393,44,2,321,99,746,624,130,Other_Crop
0.40382415,-0.5051354,1345,5,218,366,446,275,123,Other_Crop
0.13719924,-0.44121867,295,1,226,168,522,67,158,Other_Crop
0.30503,-0.38931298,144,1,0,241,124,352,132,Other_Crop
0.46502057,-0.58565736,20,1,90,230,576,90,156,Other_Crop
0.19387536,-0.48965517,10,3,288,134,754,126,157,Other_Crop
0.5106732,-0.5257614,1926,9,90,342,404,400,116,Potato (Aalu)
0.14898582,-0.33170712,1781,8,298,360,387,372,120,Potato (Aalu)
0.320567,-0.5076987,1575,12,160,412,299,340,118,Potato (Aalu)
0.42229906,-0.52931464,1516,2,115,494,225,334,112,Potato (Aalu)
0.21095161,-0.5498742,1560,9,313,442,271,366,117,Potato (Aalu)
0.33697307,-0.6257055,2054,3,133,363,410,396,114,Potato (Aalu)
0.41549185,-0.50837064,1650,1,180,447,307,310,117,Potato (Aalu)
0.29173115,-0.5952721,1601,8,283,386,346,353,121,Potato (Aalu)
0.5438247,-0.51329297,1904,8,71,343,402,331,117,Potato (Aalu)
0.32077625,-0.54877317,1773,5,39,318,416,363,113,Potato (Aalu)
0.28808865,-0.56150424,1656,3,180,410,356,358,121,Potato (Aalu)
0.3914261,-0.46858335,1586,6,99,411,329,413,119,Potato (Aalu)
0.26481175,-0.5760902,1536,6,73,377,353,337,123,Potato (Aalu)
0.27827764,-0.5346598,1790,1,133,320,407,351,116,Potato (Aalu)
0.16163202,-0.31857747,1916,14,278,328,392,363,118,Potato (Aalu)
0.3296506,-0.46162012,1663,4,270,413,348,339,117,Potato (Aalu)
0.3141715,-0.42930335,1839,11,195,333,400,349,117,Potato (Aalu)
0.26645404,-0.23290676,1666,16,251,435,325,298,119,Potato (Aalu)
0.2892779,-0.5668021,1548,3,200,434,279,410,121,Potato (Aalu)
0.35330957,-0.537113,1663,3,227,413,348,339,117,Potato (Aalu)
0.5144058,-0.5546887,1676,4,165,399,349,326,115,Potato (Aalu)
0.22880216,-0.478749,1545,0,0,460,272,289,112,Potato (Aalu)
0.2691202,-0.53640324,1671,7,128,428,342,327,118,Potato (Aalu)
0.27978444,-0.5960198,1496,9,245,369,369,333,125,Potato (Aalu)
0.17218494,-0.43879908,1818,11,175,299,402,324,117,Potato (Aalu)
0.2130565,-0.46175733,1995,13,221,367,393,391,113,Potato (Aalu)
0.25783217,-0.5336863,1535,7,155,380,329,287,114,Potato (Aalu)
0.28254786,-0.52991927,1950,11,227,322,400,379,119,Potato (Aalu)
0.18796827,-0.5711864,1574,5,321,443,269,346,117,Potato (Aalu)
0.3114906,-0.51288307,1973,7,313,324,395,384,116,Potato (Aalu)
0.33556515,-0.43374038,1770,3,215,301,394,350,118,Potato (Aalu)
0.35500428,-0.4928779,1519,3,180,496,224,323,112,Potato (Aalu)
0.22357686,-0.47930643,1965,7,292,360,390,354,113,Potato (Aalu)
0.26108575,-0.60672015,1653,4,0,334,402,390,120,Potato (Aalu)
0.31997997,-0.57290506,2182,4,195,357,402,414,117,Potato (Aalu)
0.25000218,-0.56973267,1603,7,313,383,350,345,122,Potato (Aalu)
0.23649807,-0.6136274,1670,3,35,328,414,362,119,Potato (Aalu)
0.23720308,-0.49430606,1657,6,320,416,357,294,116,Potato (Aalu)
0.29101872,-0.48819175,1653,1,0,423,353,358,120,Potato (Aalu)
0.33184856,-0.5598095,1963,12,156,378,377,413,114,Potato (Aalu)
0.2647263,-0.5397569,1750,2,115,309,394,353,117,Potato (Aalu)
0.32396752,-0.56914765,1523,2,180,377,339,317,119,Potato (Aalu)
0.22679675,-0.5007307,1671,5,219,399,349,326,115,Potato (Aalu)
0.51954037,-0.5390745,1666,7,98,413,348,339,117,Potato (Aalu)
0.32051948,-0.4833454,1990,15,253,367,393,391,113,Potato (Aalu)
0.32630345,-0.50329167,1664,6,61,379,383,281,114,Potato (Aalu)
0.2762875,-0.5561396,1531,4,77,377,353,310,122,Potato (Aalu)
0.21814485,-0.5734641,1598,2,0,386,346,353,121,Potato (Aalu)
0.16704687,-0.43864062,1603,7,58,386,346,353,121,Potato (Aalu)
0.2106056,-0.5685176,1663,6,190,415,337,358,117,Potato (Aalu)
0.21513002,-0.48455077,1589,1,90,431,277,322,116,Potato (Aalu)
0.23822714,-0.5665692,1701,3,133,390,377,302,117,Potato (Aalu)
0.27656254,-0.54201347,2015,2,295,377,358,374,113,Potato (Aalu)
0.24420813,-0.5345314,1573,2,90,431,280,315,115,Potato (Aalu)
0.22249185,-0.54754424,1673,2,208,415,354,377,121,Potato (Aalu)
0.2381747,-0.5464578,1657,3,325,332,408,390,120,Potato (Aalu)
0.5674801,-0.5127708,1732,7,171,323,390,344,117,Potato (Aalu)
0.43111593,-0.4934791,1660,5,227,399,309,369,114,Potato (Aalu)
0.2230704,-0.502233,1616,2,152,404,328,417,119,Potato (Aalu)
0.24592042,-0.5545196,1760,3,200,301,387,357,117,Potato (Aalu)
0.24936652,-0.58217466,1662,1,0,397,317,444,119,Potato (Aalu)
0.32789722,-0.5071315,1724,3,73,372,403,279,118,Potato (Aalu)
0.24897438,-0.59483486,1594,1,0,416,265,319,114,Potato (Aalu)
0.28903458,-0.5101785,1667,8,62,394,364,320,117,Potato (Aalu)
0.17860153,-0.4839233,1568,2,180,426,292,367,122,Potato (Aalu)
0.20980926,-0.52960634,1590,1,133,431,277,336,113,Potato (Aalu)
0.22913143,-0.5113592,1553,4,152,424,284,371,116,Potato (Aalu)
0.34665316,-0.5887309,1703,5,39,328,417,336,120,Potato (Aalu)
0.40106952,-0.5323148,1654,2,180,419,337,392,122,Potato (Aalu)
0.22290921,-0.53872246,1941,8,211,346,384,377,117,Potato (Aalu)
0.408908,-0.4707922,1892,2,245,345,407,345,116,Potato (Aalu)
0.24212168,-0.4389082,1788,3,122,302,391,324,117,Potato (Aalu)
0.20916966,-0.5325426,1549,3,302,434,279,431,121,Potato (Aalu)
0.4179796,-0.5451578,1711,6,90,371,390,292,119,Potato (Aalu)
0.36842993,-0.53188545,1514,2,152,479,224,324,113,Potato (Aalu)
0.25667405,-0.5654753,1632,2,115,410,300,329,115,Potato (Aalu)
0.37356845,-0.5123781,1654,5,270,442,330,294,116,Potato (Aalu)
0.3604061,-0.47120368,1660,3,215,406,314,435,121,Potato (Aalu)
0.35439423,-0.50656587,1974,14,199,338,394,360,114,Potato (Aalu)
0.48233852,-0.5503902,1626,0,0,406,322,326,115,Potato (Aalu)
0.65453386,-0.56810105,1901,8,56,343,402,331,117,Potato (Aalu)
0.28348088,-0.52431554,2152,7,145,361,407,431,116,Potato (Aalu)
0.24819437,-0.5365396,1914,3,180,327,392,384,118,Potato (Aalu)
0.25501332,-0.54231757,1681,4,165,388,362,333,116,Potato (Aalu)
0.27551565,-0.60200685,1721,12,320,328,417,336,120,Potato (Aalu)
0.27494457,-0.56076616,2103,3,215,368,404,412,116,Potato (Aalu)
0.59577763,-0.64134234,1849,6,127,342,393,373,113,Potato (Aalu)
0.25455987,-0.5684485,1618,1,133,391,328,363,120,Potato (Aalu)
0.46237043,-0.4859027,1517,4,90,420,265,337,113,Potato (Aalu)
0.26946107,-0.57300013,1562,3,145,432,268,391,121,Potato (Aalu)
0.42718163,-0.4128325,1823,7,189,335,401,328,117,Potato (Aalu)
0.20539731,-0.43583542,1954,18,137,378,377,413,114,Potato (Aalu)
0.2787623,-0.55369383,1790,3,19,315,414,375,114,Potato (Aalu)
0.18009251,-0.57326394,1661,3,199,415,337,358,117,Potato (Aalu)
0.20551212,-0.46422136,1847,7,98,347,396,337,117,Potato (Aalu)
0.25935584,-0.5340686,1706,7,58,328,417,336,120,Potato (Aalu)
0.18670228,-0.607001,1692,2,180,407,353,340,118,Potato (Aalu)
0.24248922,-0.5128126,1799,6,119,301,401,340,120,Potato (Aalu)
0.33463657,-0.5237109,1989,6,270,322,398,418,114,Potato (Aalu)
0.2543182,-0.5323575,1743,2,180,315,388,353,117,Potato (Aalu)
0.45412627,-0.59641784,1779,2,152,298,399,361,117,Potato (Aalu)
0.3699425,-0.57309026,1683,4,195,388,362,333,116,Potato (Aalu)
0.19742887,-0.5634232,1508,6,261,461,225,355,119,Potato (Aalu)
0.24693562,-0.48003188,1519,1,90,379,346,288,114,Potato (Aalu)
0.6620287,-0.5479047,740,1,270,294,527,352,118,Potato (Aalu)
0.16623068,-0.5726143,1555,2,180,421,271,391,121,Potato (Aalu)
0.26741457,-0.49558443,1678,5,148,426,344,336,117,Potato (Aalu)
0.3400287,-0.47483668,1664,1,227,406,314,443,120,Potato (Aalu)
0.22756425,-0.49227,1564,5,305,474,242,317,111,Potato (Aalu)
0.25646585,-0.53471,1583,0,0,425,283,304,111,Potato (Aalu)
0.58246994,-0.4465124,1718,10,270,325,388,331,118,Potato (Aalu)
0.4023115,-0.5905194,629,1,227,323,522,357,121,Potato (Aalu)
0.46757036,-0.4893315,1880,6,107,352,393,361,116,Potato (Aalu)
0.18973732,-0.5442154,1686,7,352,407,353,340,118,Potato (Aalu)
0.28177613,-0.6328699,1798,6,233,307,395,351,119,Potato (Aalu)
0.21435179,-0.46073246,1604,3,227,395,315,399,118,Potato (Aalu)
0.2026889,-0.5130952,1882,5,79,344,408,361,116,Potato (Aalu)
0.24016929,-0.45361468,1739,6,140,323,390,344,117,Potato (Aalu)
0.19133878,-0.529368,1508,3,238,465,229,371,118,Potato (Aalu)
0.3018474,-0.52828485,1976,3,199,359,400,354,113,Potato (Aalu)
0.418072,-0.4852921,1738,5,157,323,390,344,117,Potato (Aalu)
0.5242759,-0.5119389,1713,3,133,406,360,336,117,Potato (Aalu)
0.38074628,-0.5405996,1534,1,180,467,251,335,118,Potato (Aalu)
0.21367213,-0.5073989,1617,2,295,402,331,351,119,Potato (Aalu)
0.4924664,-0.5189816,1895,4,65,343,402,379,115,Potato (Aalu)
0.12816538,-0.48669094,1679,10,286,425,344,340,118,Potato (Aalu)
0.58404684,-0.4709315,1563,10,62,419,291,326,113,Potato (Aalu)
0.28533447,-0.5769406,1531,4,28,377,353,310,122,Potato (Aalu)
0.29072613,-0.5782315,1530,7,17,367,362,352,122,Potato (Aalu)
0.23474005,-0.5930284,1811,1,180,318,397,321,120,Potato (Aalu)
0.3250315,-0.6082567,1587,6,261,458,262,312,114,Potato (Aalu)
0.2160423,-0.4548732,1584,1,90,410,289,402,118,Potato (Aalu)
0.34395376,-0.51364386,1786,4,152,302,391,361,117,Potato (Aalu)
0.23714219,-0.511245,1708,8,22,328,417,336,120,Potato (Aalu)
0.25568667,-0.4940048,1650,1,313,444,320,307,114,Potato (Aalu)
0.5561041,-0.52100194,1625,1,133,383,339,385,119,Potato (Aalu)
0.24962418,-0.38050234,1585,5,90,402,339,372,119,Potato (Aalu)
0.16732652,-0.5640363,1563,6,81,428,302,370,121,Potato (Aalu)
0.4262868,-0.44847918,1588,2,152,445,300,402,121,Potato (Aalu)
0.21093239,-0.48459664,1615,1,90,399,320,388,119,Potato (Aalu)
0.21987027,-0.5385707,1604,3,107,398,289,372,119,Potato (Aalu)
0.24150442,-0.4945497,1611,5,203,400,338,349,119,Potato (Aalu)
0.2489755,-0.4657605,1993,9,231,367,393,391,113,Potato (Aalu)
0.32683486,-0.53288263,661,1,90,299,526,318,124,Potato (Aalu)
0.18561983,-0.41194323,1943,9,107,347,383,432,116,Potato (Aalu)
0.3666173,-0.51731634,1908,9,227,354,390,418,115,Potato (Aalu)
0.36619914,-0.54325,1619,1,133,391,328,394,119,Potato (Aalu)
0.40986258,-0.5929378,1629,1,133,410,300,329,115,Potato (Aalu)
0.51897424,-0.5124525,1580,6,152,411,329,413,119,Potato (Aalu)
0.2940752,-0.6098464,2041,5,270,373,407,399,114,Potato (Aalu)
0.27351597,-0.5395575,1606,3,133,398,289,372,119,Potato (Aalu)
0.43919477,-0.54391336,1553,3,133,424,284,364,118,Potato (Aalu)
0.6098429,-0.51471037,1538,2,152,450,272,317,119,Potato (Aalu)
0.28934216,-0.5087354,1957,17,142,378,377,413,114,Potato (Aalu)
0.27515152,-0.46451396,1555,3,270,368,393,323,125,Potato (Aalu)
0.3326517,-0.4988592,1787,5,133,302,391,324,117,Potato (Aalu)
0.66107136,-0.5525532,1709,7,172,374,392,282,117,Potato (Aalu)
0.18253696,-0.5508623,1574,5,321,443,269,346,117,Potato (Aalu)
0.33149976,-0.472726,1889,3,238,345,407,349,116,Potato (Aalu)
0.3476574,-0.5493138,1678,8,149,405,377,307,116,Potato (Aalu)
0.41676703,-0.45667937,1666,5,111,407,303,356,115,Potato (Aalu)
0.17203112,-0.47573087,1707,7,295,328,417,336,120,Potato (Aalu)
0.2538409,-0.56340486,1523,1,270,377,339,317,119,Potato (Aalu)
0.31795374,-0.51955533,1534,10,74,367,362,352,122,Potato (Aalu)
0.20806682,-0.54138124,1571,7,308,443,269,346,117,Potato (Aalu)
0.259542,-0.6147496,1683,6,107,408,352,343,116,Potato (Aalu)
0.26198596,-0.5754994,1724,9,313,328,417,340,121,Potato (Aalu)
0.17073171,-0.540618,1587,5,12,413,279,341,113,Potato (Aalu)
0.23429541,-0.51054734,1622,4,180,391,328,394,119,Potato (Aalu)
0.27645463,-0.52883077,1948,4,133,347,383,380,116,Potato (Aalu)
0.2228739,-0.52702117,1585,6,81,409,283,402,118,Potato (Aalu)
0.26192516,-0.5632635,1666,8,109,428,342,308,117,Potato (Aalu)
0.16972287,-0.46219254,1566,11,310,442,271,366,117,Potato (Aalu)
0.17034754,-0.40193343,1812,3,35,310,402,310,117,Potato (Aalu)
0.21299188,-0.42924863,2029,8,227,373,407,399,114,Potato (Aalu)
0.26330853,-0.41289657,1818,3,122,317,397,314,117,Potato (Aalu)
0.34276316,-0.42626682,1619,3,238,410,324,403,117,Potato (Aalu)
0.33671322,-0.5617361,2172,6,233,364,409,462,115,Potato (Aalu)
0.1603368,-0.4318508,1589,5,249,417,284,334,112,Potato (Aalu)
0.19942014,-0.44938043,1883,7,302,344,408,362,115,Potato (Aalu)
0.22429104,-0.5380497,1589,1,90,431,277,336,113,Potato (Aalu)
0.2912318,-0.49057588,1852,6,190,333,400,349,117,Potato (Aalu)
0.23242329,-0.5264196,2118,8,211,364,403,433,116,Potato (Aalu)
0.22719803,-0.51146716,1889,1,133,341,386,364,117,Potato (Aalu)
0.3196009,-0.5174894,1649,0,0,444,325,289,118,Potato (Aalu)
0.32985023,-0.5499784,1593,6,0,382,351,332,123,Potato (Aalu)
0.30933356,-0.46807152,1624,4,115,404,314,314,115,Potato (Aalu)
0.28229862,-0.64292103,1779,4,77,301,394,345,118,Potato (Aalu)
0.33025262,-0.5266742,1584,5,101,436,272,308,117,Potato (Aalu)
0.30105546,-0.5983241,1800,5,249,307,395,351,119,Potato (Aalu)
0.20423213,-0.52452695,1664,6,208,424,335,402,121,Potato (Aalu)
0.2910182,-0.5359242,1588,5,235,431,277,336,113,Potato (Aalu)
0.37417722,-0.54536617,1773,9,133,301,394,345,118,Potato (Aalu)
0.5483693,-0.5886059,52,2,207,189,684,93,156,Potato (Aalu)
0.20907158,-0.60737157,1689,7,351,407,353,340,118,Potato (Aalu)
0.29891464,-0.5991437,1718,1,90,372,403,279,118,Potato (Aalu)
0.35735226,-0.529274,1618,2,245,390,336,339,116,Potato (Aalu)
0.31583017,-0.6035363,1790,2,152,301,401,340,120,Potato (Aalu)
0.2546135,-0.5600711,1694,2,180,384,374,277,117,Potato (Aalu)
0.22676063,-0.48712435,1586,8,195,419,278,316,112,Potato (Aalu)
0.23949528,-0.49754846,1671,1,313,415,354,377,121,Potato (Aalu)
0.2263559,-0.51232165,1530,8,97,451,249,388,118,Potato (Aalu)
0.21159627,-0.40832537,1504,8,298,488,240,352,112,Potato (Aalu)
0.23014274,-0.5401345,1632,3,200,410,300,329,115,Potato (Aalu)
0.33705947,-0.58210623,1630,2,180,410,300,329,115,Potato (Aalu)
0.18172087,-0.5176152,1571,2,270,433,292,403,122,Potato (Aalu)
0.35464573,-0.47629467,1654,0,0,436,338,275,115,Potato (Aalu)
0.2995817,-0.45431933,1971,14,327,324,397,412,114,Potato (Aalu)
0.22302566,-0.5862745,1703,3,215,426,344,336,117,Potato (Aalu)
0.2749926,-0.55686074,1981,7,255,365,393,365,114,Potato (Aalu)
0.32487196,-0.5480798,2084,2,180,373,410,381,116,Potato (Aalu)
0.25619414,-0.5310796,1535,5,180,380,329,287,114,Potato (Aalu)
0.18769231,-0.58766705,1688,3,90,408,352,325,118,Potato (Aalu)
0.4245795,-0.5091726,1905,7,189,345,405,337,117,Potato (Aalu)
0.39175257,-0.48923305,1659,3,215,391,315,435,121,Potato (Aalu)
0.4367619,-0.6047297,1866,5,133,337,390,349,117,Potato (Aalu)
0.2564721,-0.5616272,1680,4,245,426,344,336,117,Potato (Aalu)
0.1956694,-0.49867946,1824,2,180,312,390,327,120,Potato (Aalu)
0.19548407,-0.47735408,1980,5,235,365,393,365,114,Potato (Aalu)
0.287321,-0.5310785,1531,8,332,377,353,310,122,Potato (Aalu)
0.28330523,-0.55917484,1983,8,242,365,393,365,114,Potato (Aalu)
0.2759821,-0.5634937,2117,6,208,364,403,433,116,Potato (Aalu)
0.1623582,-0.47997633,1658,4,313,434,331,271,115,Potato (Aalu)
0.2006256,-0.4340291,1658,3,215,422,340,358,121,Potato (Aalu)
0.32064918,-0.5510015,1663,2,180,413,348,373,120,Potato (Aalu)
0.4284357,-0.511965,1647,1,90,415,340,318,116,Potato (Aalu)
0.19135372,-0.5034827,1585,7,105,417,284,334,112,Potato (Aalu)
0.27266833,-0.60299593,1809,5,249,318,397,321,120,Potato (Aalu)
0.28653535,-0.55338275,1655,4,313,332,408,390,120,Potato (Aalu)
0.23786698,-0.5352622,1743,7,82,326,409,285,117,Potato (Aalu)
0.22009364,-0.5625641,1715,9,6,328,417,336,120,Potato (Aalu)
0.29122415,-0.545881,1849,12,233,323,380,364,118,Potato (Aalu)
0.2609281,-0.4632754,2008,7,122,357,398,382,113,Potato (Aalu)
0.2050107,-0.5209819,1593,3,325,432,291,313,117,Potato (Aalu)
0.35025913,-0.52807623,1799,6,160,299,402,324,117,Potato (Aalu)
0.38788456,-0.5026398,1521,3,180,496,224,323,112,Potato (Aalu)
0.30652857,-0.44840738,1661,4,165,402,309,422,120,Potato (Aalu)
0.34066385,-0.5336453,1526,2,65,367,362,352,122,Potato (Aalu)
0.2857992,-0.5929659,1543,13,343,376,349,310,122,Potato (Aalu)
0.26053613,-0.52639526,1609,3,90,392,295,395,119,Potato (Aalu)
0.21105373,-0.5573397,1576,2,152,435,282,351,116,Potato (Aalu)
0.21643418,-0.44519162,1948,7,128,347,383,432,116,Potato (Aalu)
0.36126077,-0.5101576,1777,3,73,298,399,361,117,Potato (Aalu)
0.220007,-0.51284087,1550,10,275,443,261,365,119,Potato (Aalu)
0.20558797,-0.5395657,1671,2,115,415,354,377,121,Potato (Aalu)
0.45602515,-0.4942163,1661,2,115,397,317,442,120,Potato (Aalu)
0.23222308,-0.50172615,1650,1,0,423,322,283,112,Potato (Aalu)
0.14780359,-0.35800374,1802,4,195,334,388,326,118,Potato (Aalu)
0.2598801,-0.50585955,1676,14,0,328,414,362,119,Potato (Aalu)
0.19511156,-0.5113037,1743,2,90,315,388,353,117,Potato (Aalu)
0.27547723,-0.43753088,1984,4,270,365,393,365,114,Potato (Aalu)
0.27986816,-0.5130135,1710,3,58,391,379,275,118,Potato (Aalu)
0.293,-0.5176478,1893,2,208,345,407,345,116,Potato (Aalu)
0.16121942,-0.45230782,1591,1,90,400,295,393,118,Potato (Aalu)
0.2950503,-0.51103824,1679,4,195,399,349,326,115,Potato (Aalu)
0.24786325,-0.5829973,1694,5,101,408,352,325,118,Potato (Aalu)
0.3708845,-0.59673035,1653,4,77,332,408,390,120,Potato (Aalu)
0.37181532,-0.52977574,1933,9,168,346,384,400,116,Potato (Aalu)
0.26931205,-0.5794641,1680,2,152,403,360,333,116,Potato (Aalu)
0.27720326,-0.49879602,1791,5,133,302,391,324,117,Potato (Aalu)
0.31987917,-0.5053505,2114,4,115,371,401,408,116,Potato (Aalu)
0.24079028,-0.55698645,1562,2,65,478,249,317,111,Potato (Aalu)
0.33090732,-0.44621384,1808,8,180,299,402,324,117,Potato (Aalu)
0.17301303,-0.551211,1571,3,73,427,303,377,120,Potato (Aalu)
0.28969258,-0.5687251,1656,3,107,400,363,302,121,Potato (Aalu)
0.25198457,-0.4778251,1664,3,227,422,340,358,121,Potato (Aalu)
0.2140519,-0.5297287,1889,4,115,341,386,364,117,Potato (Aalu)
0.19565026,-0.53621525,1527,2,295,439,246,320,116,Potato (Aalu)
0.23364747,-0.58338106,1609,0,0,392,295,395,119,Potato (Aalu)
0.29218382,-0.4904552,1665,11,350,398,370,334,121,Potato (Aalu)
0.4425064,-0.50005347,1549,0,0,447,264,370,121,Potato (Aalu)
0.28615126,-0.5425183,1704,8,0,326,413,360,120,Potato (Aalu)
0.29035825,-0.57681155,1669,6,40,328,414,362,119,Potato (Aalu)
0.32746685,-0.542034,1533,5,69,377,353,337,123,Potato (Aalu)
0.2695539,-0.51836026,1797,5,111,301,401,340,120,Potato (Aalu)
0.29932433,-0.5358828,1639,1,180,404,316,361,116,Potato (Aalu)
0.17468783,-0.49092487,1562,1,90,412,304,369,121,Potato (Aalu)
0.26830253,-0.554764,1537,6,190,378,333,287,114,Potato (Aalu)
0.4299879,-0.55386156,1913,10,74,342,404,400,116,Potato (Aalu)
0.18304431,-0.52791023,1672,4,180,411,346,392,122,Potato (Aalu)
0.40488645,-0.48826912,1579,14,164,412,299,340,118,Potato (Aalu)
0.19259731,-0.5240014,1584,5,249,472,276,309,111,Potato (Aalu)
0.30736518,-0.5815195,2194,7,122,357,402,414,117,Potato (Aalu)
0.49910623,-0.511583,1533,2,295,464,251,325,118,Potato (Aalu)
0.24964309,-0.53953254,1715,11,65,328,417,336,120,Potato (Aalu)
0.20062183,-0.5170833,1528,5,125,451,249,383,118,Potato (Aalu)
0.27818713,-0.56998456,1678,5,235,401,360,343,116,Potato (Aalu)
0.22842446,-0.5253527,1571,4,295,433,275,316,112,Potato (Aalu)
0.22581522,-0.49801543,1704,5,313,328,417,336,120,Potato (Aalu)
0.57830566,-0.5411443,1676,4,165,399,349,326,115,Potato (Aalu)
0.4490676,-0.5532926,1516,1,180,475,227,334,112,Potato (Aalu)
0.3302548,-0.55212927,1602,3,313,384,349,342,122,Potato (Aalu)
0.6078955,-0.45978838,1790,5,111,347,384,408,122,Potato (Aalu)
0.25064838,-0.537033,1962,5,203,347,383,380,116,Potato (Aalu)
0.34064758,-0.5221103,1674,2,180,399,349,324,117,Potato (Aalu)
0.21473962,-0.42443165,1873,6,170,340,410,337,117,Potato (Aalu)
0.27655405,-0.4798131,1857,4,180,333,400,349,117,Potato (Aalu)
0.56165135,-0.50570214,1702,4,227,412,348,336,117,Potato (Aalu)
0.4110893,-0.5121138,1679,3,200,396,343,324,117,Potato (Aalu)
0.45218793,-0.47963697,1552,5,111,434,279,431,121,Potato (Aalu)
0.5788426,-0.497153,1451,3,270,450,259,304,117,Rice (Dhaan)
0.21869245,-0.5244755,1024,4,346,201,699,187,132,Rice (Dhaan)
0.2642077,-0.4637715,1921,12,146,328,404,392,115,Rice (Dhaan)
0.31345308,-0.6465603,1510,1,90,444,268,278,113,Rice (Dhaan)
0.14702788,-0.44201458,1246,1,180,285,504,313,132,Rice (Dhaan)
0.5727242,-0.30305678,244,2,332,292,384,234,127,Rice (Dhaan)
0.42526776,-0.38309744,1567,1,0,429,278,348,114,Rice (Dhaan)
0.24162258,-0.5326232,309,5,192,191,499,76,159,Rice (Dhaan)
0.31863856,-0.63158685,1620,5,157,407,368,380,113,Rice (Dhaan)
0.29089895,-0.6210602,1719,1,90,372,403,279,118,Rice (Dhaan)
0.22700912,-0.48961425,862,3,161,173,738,193,136,Rice (Dhaan)
0.5577093,-0.41337454,880,1,90,225,646,203,128,Rice (Dhaan)
0.21637426,-0.48920733,1046,3,161,192,731,159,131,Rice (Dhaan)
0.21216545,-0.5531649,1015,4,0,202,706,183,131,Rice (Dhaan)
0.33270454,-0.42172927,1650,1,270,412,342,292,116,Rice (Dhaan)
0.29219085,-0.556158,187,1,314,332,342,200,145,Rice (Dhaan)
0.27920562,-0.5021436,1830,14,327,357,409,346,118,Rice (Dhaan)
0.53599775,-0.39626172,1395,3,215,396,363,288,125,Rice (Dhaan)
0.25263157,-0.4873169,322,3,199,263,339,141,151,Rice (Dhaan)
0.23541933,-0.49705014,1650,0,0,392,341,322,118,Rice (Dhaan)
0.42432383,-0.5792471,1154,1,227,293,465,282,126,Rice (Dhaan)
0.22639644,-0.5211927,1055,3,19,195,733,160,131,Rice (Dhaan)
0.2031467,-0.55558753,9,4,333,159,688,160,146,Rice (Dhaan)
0.39927104,-0.52293885,1634,1,313,382,388,325,112,Rice (Dhaan)
0.40674755,-0.5483627,1677,1,0,397,394,370,117,Rice (Dhaan)
0.34479466,-0.6245859,1784,3,107,365,426,292,108,Rice (Dhaan)
0.46602607,-0.24299495,155,3,0,275,421,205,134,Rice (Dhaan)
0.21215531,-0.39584333,1290,10,198,343,449,278,122,Rice (Dhaan)
0.34705183,-0.52797467,1939,10,149,328,404,466,112,Rice (Dhaan)
0.19891746,-0.5382557,1567,0,0,422,309,266,114,Rice (Dhaan)
0.30576155,-0.5847619,1682,1,90,374,391,305,117,Rice (Dhaan)
0.2293562,-0.48876217,322,1,270,211,470,140,149,Rice (Dhaan)
0.15185979,-0.4873398,292,0,0,211,508,79,158,Rice (Dhaan)
0.48703575,-0.36359152,1291,2,115,341,416,313,129,Rice (Dhaan)
0.36424613,-0.46869463,1650,2,115,416,317,308,114,Rice (Dhaan)
0.4082367,-0.63664985,1626,6,152,407,368,396,115,Rice (Dhaan)
0.20485437,-0.50282484,872,2,207,178,739,145,136,Rice (Dhaan)
0.3188406,-0.52577025,889,4,225,219,647,187,131,Rice (Dhaan)
0.24344271,-0.069971725,1241,5,337,304,512,302,130,Rice (Dhaan)
0.19451249,-0.52300763,868,1,135,192,722,201,133,Rice (Dhaan)
0.38750508,-0.4482034,1664,5,313,401,379,303,116,Rice (Dhaan)
0.37056214,-0.45838723,1559,1,180,386,393,344,107,Rice (Dhaan)
0.4110014,-0.4036851,14,2,153,467,183,188,141,Rice (Dhaan)
-0.07136142,0.19060874,1290,2,270,338,428,324,129,Rice (Dhaan)
0.21684922,-0.52620286,287,2,116,167,519,77,159,Rice (Dhaan)
0.26715487,-0.547584,1659,5,270,397,365,303,107,Rice (Dhaan)
0.39544764,-0.586954,879,5,281,202,674,175,127,Rice (Dhaan)
0.297561,-0.5828554,1057,2,333,195,734,162,133,Rice (Dhaan)
0.3286697,-0.5457735,315,1,134,314,310,157,151,Rice (Dhaan)
0.28684184,-0.5350631,328,1,180,270,335,129,151,Rice (Dhaan)
0.3185142,-0.65881574,1564,1,313,416,289,270,111,Rice (Dhaan)
0.53006065,-0.40487063,62,5,218,296,245,197,131,Rice (Dhaan)
0.22227293,-0.5610532,992,3,270,175,742,177,135,Rice (Dhaan)
0.37350464,-0.49533924,1653,3,90,417,351,299,116,Rice (Dhaan)
0.244373,-0.5681915,994,2,270,208,649,172,132,Rice (Dhaan)
0.16200466,-0.44209355,290,2,90,161,535,76,156,Rice (Dhaan)
0.2428035,-0.5891482,1236,6,190,331,429,294,124,Rice (Dhaan)
0.23230754,-0.52722085,327,1,134,245,446,142,151,Rice (Dhaan)
0.19379228,-0.5103235,1012,0,0,201,695,166,134,Rice (Dhaan)
0.28818777,-0.46873185,1648,1,227,412,377,327,112,Rice (Dhaan)
0.29972684,-0.54197836,1036,3,124,173,739,162,133,Rice (Dhaan)
0.16655913,-0.41478935,1526,1,133,457,291,286,112,Rice (Dhaan)
0.21617764,-0.50256526,310,3,161,334,304,172,154,Rice (Dhaan)
0.3758183,-0.5627848,1068,4,76,211,701,165,129,Rice (Dhaan)
0.35537505,-0.45552847,354,1,270,240,450,131,151,Rice (Dhaan)
0.2996334,-0.5115857,1839,12,123,317,408,411,117,Rice (Dhaan)
0.24035609,-0.50837094,332,3,90,244,450,140,149,Rice (Dhaan)
0.44815186,-0.5115926,1622,4,180,424,321,331,109,Rice (Dhaan)
0.45030996,-0.48780915,890,2,244,217,661,165,131,Rice (Dhaan)
0.33055788,-0.57224065,1035,2,180,196,707,177,133,Rice (Dhaan)
0.17864254,-0.45552123,293,1,270,181,432,110,155,Rice (Dhaan)
0.14336346,-0.48714945,292,1,226,202,500,79,159,Rice (Dhaan)
0.34564644,-0.5868853,1682,6,270,393,371,383,109,Rice (Dhaan)
0.14975846,-0.48389038,861,4,284,178,710,192,137,Rice (Dhaan)
0.13574328,-0.46874517,292,0,0,211,508,79,158,Rice (Dhaan)
0.46452877,-0.5328751,403,3,215,345,343,131,155,Rice (Dhaan)
0.6244468,-0.35947847,34,1,270,421,105,211,139,Rice (Dhaan)
0.3220615,-0.48878738,1649,2,90,420,373,303,114,Rice (Dhaan)
0.34490567,-0.5399719,1608,1,0,370,372,308,121,Rice (Dhaan)
0.4262295,-0.50731933,1600,4,15,411,344,328,117,Rice (Dhaan)
0.4226274,-0.57194245,1651,1,313,407,332,305,112,Rice (Dhaan)
0.29796603,-0.50076103,1652,0,0,406,346,271,116,Rice (Dhaan)
0.31089225,-0.5059701,1148,1,270,266,482,230,131,Rice (Dhaan)
0.21606119,-0.5481365,878,5,281,218,653,221,127,Rice (Dhaan)
0.3687975,-0.31312937,1301,7,278,356,419,327,128,Rice (Dhaan)
0.114224724,-0.42982125,1271,2,270,321,484,336,128,Rice (Dhaan)
0.22023182,-0.4583921,1299,3,313,381,407,299,121,Rice (Dhaan)
0.23649907,-0.5183119,857,1,225,184,701,181,138,Rice (Dhaan)
0.118414536,-0.45771813,292,4,104,225,484,74,158,Rice (Dhaan)
0.25247312,-0.5443673,1026,7,286,201,698,186,132,Rice (Dhaan)
0.21693122,-0.5217903,875,3,135,159,764,189,134,Rice (Dhaan)
0.25194073,-0.49495295,347,1,226,230,458,137,151,Rice (Dhaan)
0.3134941,-0.58107585,1062,3,214,212,712,173,128,Rice (Dhaan)
0.34336388,-0.5359313,322,0,0,254,356,138,151,Rice (Dhaan)
0.5428815,-0.406074,1391,9,276,381,378,315,126,Rice (Dhaan)
0.14452982,-0.47340736,859,3,19,174,714,180,137,Rice (Dhaan)
0.21751684,-0.5332239,997,1,90,187,737,198,135,Rice (Dhaan)
0.24316335,-0.5626289,1752,5,321,396,394,305,114,Rice (Dhaan)
0.26790315,-0.47369874,1725,2,152,372,403,279,118,Rice (Dhaan)
0.18990563,-0.5145544,1011,3,199,194,708,171,130,Rice (Dhaan)
0.3501827,-0.5601261,1726,6,270,367,415,344,114,Rice (Dhaan)
0.21753247,-0.5472085,326,1,46,245,446,142,151,Rice (Dhaan)
0.21830791,-0.52982557,1668,1,47,394,385,317,107,Rice (Dhaan)
0.38882554,-0.527925,1649,3,227,401,389,307,109,Rice (Dhaan)
0.152343,-0.45257452,1177,3,302,288,521,274,128,Rice (Dhaan)
0.37946683,-0.568237,1748,1,133,419,340,343,121,Rice (Dhaan)
0.3814433,-0.3778522,1988,9,168,333,380,368,116,Rice (Dhaan)
0.18233296,-0.5389774,1693,2,245,409,374,337,107,Rice (Dhaan)
0.21362229,-0.5847186,1554,2,28,429,319,295,112,Rice (Dhaan)
0.48816293,-0.53259355,1687,1,227,388,362,333,116,Rice (Dhaan)
0.27255255,-0.514351,1676,8,227,393,393,289,112,Rice (Dhaan)
0.48251748,-0.50447166,15,3,46,282,360,236,143,Rice (Dhaan)
0.48552704,-0.3860942,45,2,332,377,251,188,136,Rice (Dhaan)
0.18081306,-0.5011189,317,2,207,181,338,144,155,Rice (Dhaan)
0.37511298,-0.4513166,1683,3,35,421,361,362,109,Rice (Dhaan)
0.42930216,-0.5982736,1628,3,122,392,359,383,111,Rice (Dhaan)
0.46676266,-0.509006,1652,1,270,398,343,265,118,Rice (Dhaan)
0.3238461,-0.43785223,1803,1,270,315,385,322,116,Rice (Dhaan)
0.22750252,-0.49865994,326,2,207,254,356,138,151,Rice (Dhaan)
0.3504664,-0.68071246,1509,2,270,468,266,277,110,Rice (Dhaan)
0.28463128,-0.3257635,586,4,41,272,354,185,139,Rice (Dhaan)
0.29851633,-0.578405,1004,3,326,193,729,179,132,Rice (Dhaan)
0.36514744,-0.56838363,1651,8,227,399,382,299,110,Rice (Dhaan)
0.2886688,-0.53568935,1681,7,232,371,408,406,111,Rice (Dhaan)
0.2949026,-0.5504315,1658,4,257,413,360,316,112,Rice (Dhaan)
0.36374435,-0.58278143,1650,2,152,409,345,274,119,Rice (Dhaan)
0.58308154,-0.4747173,1667,0,0,383,379,311,118,Rice (Dhaan)
0.3160418,-0.52747977,1027,2,0,186,714,164,132,Rice (Dhaan)
0.2575251,-0.48797977,871,5,79,182,735,140,136,Rice (Dhaan)
0.37817883,-0.39059463,884,6,333,214,655,182,128,Rice (Dhaan)
0.14049587,-0.52811116,292,2,296,205,488,78,158,Rice (Dhaan)
0.4655985,-0.44839352,1655,3,0,385,360,299,119,Rice (Dhaan)
0.5884058,-0.40140846,244,5,168,285,393,203,126,Rice (Dhaan)
0.44500846,-0.52645093,1029,5,112,175,744,164,131,Rice (Dhaan)
0.21118967,-0.46713054,290,3,0,210,478,67,157,Rice (Dhaan)
0.29332885,-0.42862228,1603,1,180,401,355,383,111,Rice (Dhaan)
0.185567,-0.47175917,293,1,314,181,432,110,155,Rice (Dhaan)
0.12864594,-0.39149696,293,1,226,221,503,91,156,Rice (Dhaan)
0.28471467,-0.5546545,1676,12,303,328,414,362,119,Rice (Dhaan)
0.28861707,-0.4671575,1426,2,270,452,254,290,107,Rice (Dhaan)
0.5674115,-0.5399361,882,3,146,217,651,195,128,Rice (Dhaan)
0.3080889,-0.5810983,1651,1,227,419,318,284,114,Rice (Dhaan)
0.29697922,-0.5787381,1029,4,135,197,709,177,133,Rice (Dhaan)
0.48069695,-0.63086236,1682,3,0,396,373,376,110,Rice (Dhaan)
0.2544068,-0.46815056,1967,7,270,360,390,354,113,Rice (Dhaan)
0.25832012,-0.5746644,1009,4,76,206,698,173,131,Rice (Dhaan)
0.26706982,-0.5668157,339,2,207,247,448,146,151,Rice (Dhaan)
0.22799198,-0.52755904,1025,3,108,172,739,160,134,Rice (Dhaan)
0.20978817,-0.53265744,329,3,326,245,446,142,151,Rice (Dhaan)
0.12968548,-0.41541484,1649,1,180,438,316,313,118,Rice (Dhaan)
0.39661393,-0.5957672,1649,4,0,383,364,319,115,Rice (Dhaan)
0.24079822,-0.46921697,860,4,207,218,673,177,135,Rice (Dhaan)
0.22383119,-0.5681353,1664,10,55,399,374,370,114,Rice (Dhaan)
0.23189926,-0.532392,875,2,153,156,762,219,135,Rice (Dhaan)
0.26640493,-0.29699135,49,1,270,342,245,211,133,Rice (Dhaan)
0.23791514,-0.5084833,1025,1,45,203,695,182,132,Rice (Dhaan)
0.15332927,-0.19185096,1325,2,28,394,369,297,123,Rice (Dhaan)
0.25890738,-0.5597982,1684,6,53,394,368,344,112,Rice (Dhaan)
0.47273636,-0.46382093,18,2,153,334,341,347,139,Rice (Dhaan)
0.26616248,-0.5228838,861,3,146,219,684,168,135,Rice (Dhaan)
0.22589134,-0.5433456,1671,11,71,328,414,362,119,Rice (Dhaan)
0.63595194,-0.45517826,1323,2,180,394,369,299,125,Rice (Dhaan)
0.23426346,-0.60671836,1557,4,103,420,330,319,114,Rice (Dhaan)
0.26032317,-0.55655795,1803,6,332,356,402,334,119,Rice (Dhaan)
0.41262975,-0.57001126,408,1,226,225,469,132,149,Rice (Dhaan)
0.2085791,-0.48611766,875,4,207,184,732,186,134,Rice (Dhaan)
0.13806808,-0.43937775,296,3,226,181,432,110,155,Rice (Dhaan)
0.4939309,-0.32145458,399,2,307,244,310,140,140,Rice (Dhaan)
0.24341683,-0.5733083,877,3,288,183,733,190,132,Rice (Dhaan)
0.2099792,-0.5741764,2,2,270,168,646,117,152,Rice (Dhaan)
0.19661734,-0.44487494,916,6,341,178,736,164,132,Rice (Dhaan)
0.22244489,-0.4735605,341,1,270,222,426,152,154,Rice (Dhaan)
0.2841222,-0.5478419,1685,4,152,402,377,347,111,Rice (Dhaan)
0.19721329,-0.55246836,1471,6,253,411,302,274,111,Rice (Dhaan)
0.15728155,-0.47546604,1592,4,208,471,296,316,111,Rice (Dhaan)
0.33318233,-0.4909091,985,4,135,180,728,207,133,Rice (Dhaan)
0.5092209,-0.49028817,1651,1,47,417,351,299,116,Rice (Dhaan)
0.26527196,-0.5685484,168,4,77,198,500,183,137,Rice (Dhaan)
0.42643228,-0.35647118,47,2,64,406,227,207,137,Rice (Dhaan)
0.23657629,-0.52548254,983,3,34,181,718,195,133,Rice (Dhaan)
0.4132372,-0.5649523,1676,1,90,342,388,358,121,Rice (Dhaan)
0.15862069,-0.4523704,292,0,0,211,501,68,158,Rice (Dhaan)
0.18480273,-0.4982399,461,3,341,252,484,154,148,Rice (Dhaan)
0.25219575,-0.574502,1024,3,326,171,740,157,134,Rice (Dhaan)
0.53081197,-0.44172984,103,1,226,275,272,190,137,Rice (Dhaan)
0.5771346,-0.3979141,1462,2,180,448,268,309,108,Rice (Dhaan)
0.3876131,-0.34086484,5,2,90,501,117,249,129,Rice (Dhaan)
0.20142286,-0.46944422,314,3,252,204,478,80,158,Rice (Dhaan)
0.44794816,-0.50167066,1662,7,82,407,365,335,115,Rice (Dhaan)
0.2441958,-0.5425894,843,2,333,189,689,209,133,Rice (Dhaan)
0.20778146,-0.51702785,988,2,333,184,729,188,134,Rice (Dhaan)
0.23537233,-0.5436373,870,4,0,177,738,195,134,Rice (Dhaan)
0.15982689,-0.45535025,290,3,314,166,558,62,156,Rice (Dhaan)
0.4043136,-0.46410042,3,1,226,405,184,370,125,Rice (Dhaan)
0.3619942,-0.3601397,1589,7,9,397,340,332,122,Rice (Dhaan)
0.17402083,-0.44871795,858,2,116,184,701,196,137,Rice (Dhaan)
0.21749938,-0.56954014,1011,3,341,202,706,183,131,Rice (Dhaan)
0.22872826,-0.55725193,1034,5,180,174,738,162,133,Rice (Dhaan)
0.16495658,-0.47425207,864,0,0,182,742,182,135,Rice (Dhaan)
0.6276889,-0.5081862,3,1,270,529,121,292,132,Rice (Dhaan)
0.31399924,-0.57212615,214,3,199,344,334,234,136,Rice (Dhaan)
0.13987139,-0.50120676,861,4,256,186,718,213,137,Rice (Dhaan)
0.16367476,-0.49020484,292,1,270,138,606,96,158,Rice (Dhaan)
0.17922735,-0.38571855,1155,12,9,324,455,266,128,Rice (Dhaan)
0.27526596,-0.6445698,1555,2,115,428,323,295,112,Rice (Dhaan)
0.39331916,-0.5894315,1722,2,332,366,410,306,114,Rice (Dhaan)
0.29411766,-0.4369478,1430,4,115,452,254,335,116,Rice (Dhaan)
0.26968294,-0.5127092,1515,1,133,429,268,326,113,Rice (Dhaan)
0.22441134,-0.5314582,1037,2,153,184,729,161,132,Rice (Dhaan)
0.2513102,-0.5537928,853,4,207,173,734,166,132,Rice (Dhaan)
0.20924196,-0.5707077,1687,6,119,412,368,347,111,Rice (Dhaan)
0.13919693,-0.38488862,1210,2,90,306,467,288,126,Rice (Dhaan)
0.20710059,-0.38610038,1824,7,35,352,400,352,113,Rice (Dhaan)
0.28233808,-0.5443965,850,2,333,208,655,208,132,Rice (Dhaan)
0.27123174,-0.50098234,26,3,326,260,442,374,140,Rice (Dhaan)
0.35082957,-0.49900386,1450,3,313,437,285,284,111,Rice (Dhaan)
0.29723796,-0.57104987,881,2,270,230,636,221,127,Rice (Dhaan)
0.18065768,-0.49033356,1422,7,145,321,501,327,123,Rice (Dhaan)
0.23515151,-0.56472635,866,2,27,182,726,188,135,Rice (Dhaan)
0.2901852,-0.4967997,1671,1,47,389,379,305,118,Rice (Dhaan)
0.26154807,-0.5873888,1717,2,295,384,415,296,116,Rice (Dhaan)
0.51692367,-0.6439951,1584,2,152,416,280,284,113,Rice (Dhaan)
0.22067495,-0.5596965,1016,3,0,190,704,172,130,Rice (Dhaan)
0.276261,-0.5764886,986,4,45,174,733,202,133,Rice (Dhaan)
0.257851,-0.5680243,1620,2,270,391,328,394,119,Rice (Dhaan)
0.4087277,-0.44608274,1569,2,208,429,278,310,111,Rice (Dhaan)
0.280626,-0.48658744,328,1,180,270,335,129,151,Rice (Dhaan)
0.330837,-0.39834842,0,5,234,380,204,406,127,Rice (Dhaan)
0.21077959,-0.4742998,311,1,0,309,322,162,151,Rice (Dhaan)
0.2957664,-0.5367215,1672,0,0,394,385,317,107,Rice (Dhaan)
0.28184894,-0.61363155,981,6,161,185,728,195,134,Rice (Dhaan)
0.33021352,-0.5682126,1673,1,0,398,389,296,109,Rice (Dhaan)
0.18977994,-0.45989382,289,1,226,171,548,67,156,Rice (Dhaan)
0.5110643,-0.3898305,1652,1,47,411,330,331,114,Rice (Dhaan)
0.2921536,-0.51232874,860,2,0,165,747,209,137,Rice (Dhaan)
0.168,-0.49070013,291,3,270,139,602,99,158,Rice (Dhaan)
0.22383253,-0.58420753,1039,3,225,176,735,165,132,Rice (Dhaan)
0.32103524,-0.5596611,1659,5,281,397,365,303,107,Rice (Dhaan)
0.3120761,-0.50545746,1264,5,32,329,454,312,123,Rice (Dhaan)
0.13856328,-0.38186967,316,2,27,175,379,108,154,Rice (Dhaan)
0.22279793,-0.51877886,994,2,27,182,734,184,132,Rice (Dhaan)
0.4874235,-0.34347332,6,1,0,349,273,272,131,Rice (Dhaan)
0.25594893,-0.55017126,1559,2,90,415,329,316,113,Rice (Dhaan)
0.52847034,-0.50082844,1665,3,227,397,315,422,120,Rice (Dhaan)
0.39270833,-0.50701797,49,1,46,412,230,189,132,Rice (Dhaan)
0.36999068,-0.5526346,1649,1,90,353,377,340,123,Rice (Dhaan)
0.33424884,-0.56666666,1684,6,332,403,366,368,106,Rice (Dhaan)
0.17343907,-0.43175337,1239,1,133,322,475,308,126,Rice (Dhaan)
0.20905048,-0.5223531,292,2,244,139,602,106,158,Rice (Dhaan)
0.21705426,-0.44724995,862,3,135,185,732,183,136,Rice (Dhaan)
0.21988599,-0.5303584,1552,6,170,428,309,312,119,Rice (Dhaan)
0.40178716,-0.45892146,1567,10,254,393,375,292,111,Rice (Dhaan)
0.29763073,-0.47641712,1575,0,0,403,315,346,116,Rice (Dhaan)
0.44944224,-0.57438016,1585,5,111,405,356,334,110,Rice (Dhaan)
0.15998009,-0.52811116,290,1,0,214,496,81,157,Rice (Dhaan)
0.16341,-0.5146157,291,1,180,206,508,79,157,Rice (Dhaan)
0.29324055,-0.57065547,209,1,270,355,327,243,143,Rice (Dhaan)
0.20183162,-0.5124012,288,2,180,230,480,76,158,Rice (Dhaan)
0.23279127,-0.53700906,992,3,135,187,731,182,132,Rice (Dhaan)
0.28399947,-0.5713111,1062,1,45,201,723,167,134,Rice (Dhaan)
0.19379845,-0.505145,876,3,252,162,758,219,135,Rice (Dhaan)
0.24631861,-0.60912055,999,2,64,204,714,209,132,Rice (Dhaan)
0.34725204,-0.5580771,1221,3,302,305,470,311,127,Rice (Dhaan)
0.15490998,-0.44626045,292,0,0,211,501,68,158,Rice (Dhaan)
0.21389578,-0.51438206,995,4,135,230,674,162,135,Rice (Dhaan)
0.20125458,-0.5447611,859,2,180,157,750,152,135,Rice (Dhaan)
0.16540013,-0.5029452,290,1,90,138,557,80,157,Rice (Dhaan)
0.56669277,-0.435486,1454,1,0,446,265,254,111,Rice (Dhaan)
0.28810766,-0.58675605,869,3,180,216,665,178,130,Rice (Dhaan)
0.32454807,-0.5525666,1569,2,332,432,282,276,111,Rice (Dhaan)
0.25465602,-0.5144018,1527,4,270,366,378,321,124,Rice (Dhaan)
0.19801159,-0.49200657,1650,1,180,454,304,302,119,Rice (Dhaan)
0.18056203,-0.5070956,1270,2,180,318,478,321,124,Rice (Dhaan)
0.64511275,-0.45725587,4,2,116,467,95,248,131,Rice (Dhaan)
0.439373,-0.43899372,882,4,315,218,657,181,130,Rice (Dhaan)
0.49521288,-0.54776376,881,3,214,230,636,221,127,Rice (Dhaan)
0.23807193,-0.4886053,326,4,90,169,488,123,156,Rice (Dhaan)
0.21844128,0.15857142,5,3,304,375,271,537,121,Rice (Dhaan)
0.27411652,-0.5068493,866,2,333,214,679,187,134,Rice (Dhaan)
0.30020568,-0.49600738,322,1,226,254,356,134,152,Rice (Dhaan)
0.2014057,-0.4365784,290,4,180,171,548,80,155,Rice (Dhaan)
0.2455649,-0.5653789,1038,2,90,176,735,165,132,Rice (Dhaan)
0.34233576,-0.17003676,1573,1,227,403,315,330,115,Rice (Dhaan)
0.2580645,-0.57915914,1028,1,0,186,736,167,130,Rice (Dhaan)
0.33587486,-0.54217905,319,2,64,235,458,156,149,Rice (Dhaan)
0.2365989,-0.52097267,984,1,45,181,718,195,133,Rice (Dhaan)
0.22444394,-0.496725,1028,2,180,194,716,154,132,Rice (Dhaan)
0.219525,-0.5394461,1640,8,22,411,327,328,110,Rice (Dhaan)
0.3978123,-0.6730581,1638,1,133,393,374,335,112,Rice (Dhaan)
0.290894,-0.51570785,1649,1,133,419,321,284,114,Rice (Dhaan)
0.50223356,-0.49841473,175,1,226,236,471,180,137,Rice (Dhaan)
0.53549343,-0.51600707,1654,3,145,390,354,331,114,Rice (Dhaan)
0.2822194,-0.5339806,1055,5,143,189,742,167,131,Rice (Dhaan)
0.48415914,-0.4862036,1228,10,118,344,440,583,101,Rice (Dhaan)
0.22555205,-0.50719553,1007,4,0,206,703,166,134,Rice (Dhaan)
0.24602273,-0.6039752,1569,1,133,433,283,270,112,Rice (Dhaan)
0.38385674,-0.61146134,93,3,0,286,382,319,140,Sugarcane (Ganna)
0.35387248,-0.5273944,158,2,180,345,240,341,134,Sugarcane (Ganna)
0.2788162,-0.49568594,48,1,46,398,236,197,135,Sugarcane (Ganna)
0.7206887,-0.50478333,846,5,39,285,540,379,119,Sugarcane (Ganna)
0.21711366,-0.5897708,749,6,33,302,530,414,119,Sugarcane (Ganna)
0.5705039,-0.40755254,718,1,270,320,510,324,117,Sugarcane (Ganna)
0.10787172,-0.44276196,212,1,134,272,416,269,133,Sugarcane (Ganna)
0.39696082,-0.5718893,855,8,90,296,523,347,117,Sugarcane (Ganna)
0.6644035,-0.41654035,691,4,227,302,508,223,128,Sugarcane (Ganna)
0.701361,-0.5789833,683,8,242,322,456,354,122,Sugarcane (Ganna)
0.5812657,-0.46032855,622,3,180,298,509,270,127,Sugarcane (Ganna)
0.7133425,-0.51485664,844,6,327,268,550,368,117,Sugarcane (Ganna)
0.5419525,-0.5775092,734,6,90,298,514,307,115,Sugarcane (Ganna)
0.520605,-0.5566579,891,6,119,285,529,452,117,Sugarcane (Ganna)
0.653397,-0.55953157,704,5,168,320,505,379,115,Sugarcane (Ganna)
0.4067313,-0.56916577,471,0,0,342,489,286,128,Sugarcane (Ganna)
0.8401505,-0.58392435,683,9,206,332,474,311,115,Sugarcane (Ganna)
0.42336944,-0.51024085,30,2,0,250,459,257,138,Sugarcane (Ganna)
0.74865526,-0.44667327,718,3,324,300,522,316,117,Sugarcane (Ganna)
0.34766355,-0.5591572,796,4,122,278,555,311,117,Sugarcane (Ganna)
0.6367521,-0.49688223,1234,2,207,434,362,348,123,Sugarcane (Ganna)
0.664661,-0.4930604,628,1,90,312,483,380,121,Sugarcane (Ganna)
0.653397,-0.55953157,704,5,168,320,505,379,115,Sugarcane (Ganna)
0.6078818,-0.502766,730,4,90,288,529,376,118,Sugarcane (Ganna)
0.7169811,-0.45769763,721,6,287,296,541,372,117,Sugarcane (Ganna)
0.59673303,-0.46265486,696,5,236,335,476,335,117,Sugarcane (Ganna)
0.4643097,-0.5294794,714,6,350,316,508,342,118,Sugarcane (Ganna)
0.50862664,-0.3939394,553,3,227,357,470,256,129,Sugarcane (Ganna)
0.27852762,-0.58678955,687,3,133,324,488,224,128,Sugarcane (Ganna)
0.5419525,-0.5775092,734,6,90,298,514,307,115,Sugarcane (Ganna)
0.29078785,-0.57820755,656,5,90,303,480,346,122,Sugarcane (Ganna)
0.6011603,-0.38404453,105,1,134,303,271,257,135,Sugarcane (Ganna)
0.7237594,-0.4810741,733,3,340,264,488,277,117,Sugarcane (Ganna)
0.701361,-0.5789833,683,8,242,322,456,354,122,Sugarcane (Ganna)
0.6054488,-0.43399936,517,3,20,361,479,281,128,Sugarcane (Ganna)
0.74865526,-0.44667327,718,3,324,300,522,316,117,Sugarcane (Ganna)
0.9021599,-0.6362974,808,2,295,301,473,332,120,Sugarcane (Ganna)
0.39911553,-0.46074322,11,1,0,294,350,219,140,Sugarcane (Ganna)
0.63144654,-0.5005697,796,10,224,320,470,308,117,Sugarcane (Ganna)
0.39696082,-0.5718893,855,8,90,296,523,347,117,Sugarcane (Ganna)
0.34601724,-0.5555802,711,5,24,299,514,333,117,Sugarcane (Ganna)
0.59331703,-0.48802948,844,1,227,301,503,320,119,Sugarcane (Ganna)
0.5239911,-0.60180527,614,3,47,285,514,306,126,Sugarcane (Ganna)
0.8401505,-0.58392435,683,9,206,332,474,311,115,Sugarcane (Ganna)
0.4785082,-0.5801177,767,1,0,281,519,294,117,Sugarcane (Ganna)
0.51766044,-0.4577251,77,3,180,329,246,204,137,Sugarcane (Ganna)
0.30427352,-0.60446805,196,1,180,258,451,256,135,Sugarcane (Ganna)
0.64861876,-0.43384615,669,3,227,316,484,227,128,Sugarcane (Ganna)
0.27759197,-0.59380376,724,3,107,304,520,352,118,Sugarcane (Ganna)
0.653397,-0.55953157,704,5,168,320,505,379,115,Sugarcane (Ganna)
0.43211266,-0.5985706,708,6,241,306,513,378,118,Sugarcane (Ganna)
0.44973025,-0.47162297,547,2,90,352,435,259,131,Sugarcane (Ganna)
0.3,-0.5163162,206,2,296,316,349,260,136,Sugarcane (Ganna)
0.63214374,-0.48719653,21,4,76,296,370,385,139,Sugarcane (Ganna)
0.516895,-0.45930535,32,1,134,501,181,228,136,Sugarcane (Ganna)
0.13716109,-0.5695142,693,6,190,318,470,330,118,Sugarcane (Ganna)
0.45264593,-0.5491786,857,1,133,286,538,370,118,Sugarcane (Ganna)
0.7548519,-0.5583192,775,5,280,258,565,326,118,Sugarcane (Ganna)
0.5610561,-0.4721268,655,5,227,305,531,311,122,Sugarcane (Ganna)
0.43179122,-0.64646584,75,1,226,488,209,281,142,Sugarcane (Ganna)
0.5705039,-0.40755254,718,1,270,320,510,324,117,Sugarcane (Ganna)
0.29141176,-0.6052117,683,4,245,345,491,356,118,Sugarcane (Ganna)
0.7416357,-0.43820226,809,3,73,278,516,299,116,Sugarcane (Ganna)
0.22085445,-0.54555047,503,4,208,391,450,255,128,Sugarcane (Ganna)
0.6868096,-0.59887004,720,4,165,305,522,381,115,Sugarcane (Ganna)
0.29078785,-0.57820755,656,5,90,303,480,346,122,Sugarcane (Ganna)
0.6096181,-0.51409596,6,1,270,401,229,286,133,Sugarcane (Ganna)
0.59956294,-0.42320156,85,1,134,307,202,168,136,Sugarcane (Ganna)
0.5610561,-0.4721268,655,5,227,305,531,311,122,Sugarcane (Ganna)
0.7171612,-0.4647157,716,5,280,321,484,286,116,Sugarcane (Ganna)
0.26894554,-0.55538315,776,7,8,286,483,306,117,Sugarcane (Ganna)
0.45264593,-0.5491786,857,1,133,286,538,370,118,Sugarcane (Ganna)
0.75811666,-0.48543113,873,4,15,334,474,433,111,Sugarcane (Ganna)
0.744841,-0.44017434,686,1,180,342,459,306,115,Sugarcane (Ganna)
0.4094525,-0.5724672,12,2,90,322,370,273,139,Sugarcane (Ganna)
0.5307903,-0.5098116,14,6,19,202,484,336,140,Sugarcane (Ganna)
0.6580934,-0.47309962,690,12,63,313,523,301,124,Sugarcane (Ganna)
0.59417164,-0.53594285,669,6,41,320,508,253,128,Sugarcane (Ganna)
0.63070077,-0.576761,654,3,340,308,529,232,129,Sugarcane (Ganna)
0.59629893,-0.5418901,818,6,350,283,511,337,118,Sugarcane (Ganna)
0.17664735,-0.5741379,670,7,352,352,466,332,124,Sugarcane (Ganna)
0.7548519,-0.5583192,775,5,280,258,565,326,118,Sugarcane (Ganna)
0.41062802,-0.5857301,863,11,10,270,531,384,119,Sugarcane (Ganna)
0.59673303,-0.46265486,696,5,236,335,476,335,117,Sugarcane (Ganna)
0.7077844,-0.4480254,730,5,305,256,569,270,121,Sugarcane (Ganna)
0.32331222,-0.54935837,732,6,0,331,472,328,113,Sugarcane (Ganna)
0.5239911,-0.60180527,614,3,47,285,514,306,126,Sugarcane (Ganna)
0.61466837,-0.52254283,787,4,331,302,483,316,118,Sugarcane (Ganna)
0.74865526,-0.44667327,718,3,324,300,522,316,117,Sugarcane (Ganna)
0.22079588,-0.58532697,743,4,165,308,535,386,115,Sugarcane (Ganna)
0.63144654,-0.5005697,796,10,224,320,470,308,117,Sugarcane (Ganna)
0.6892626,-0.44998196,673,9,300,328,492,232,128,Sugarcane (Ganna)
0.47575277,-0.62398374,682,5,100,357,451,252,123,Sugarcane (Ganna)
0.23535188,-0.6149987,720,3,20,333,489,334,118,Sugarcane (Ganna)
0.7206887,-0.50478333,846,5,39,285,540,379,119,Sugarcane (Ganna)
0.59629893,-0.5418901,818,6,350,283,511,337,118,Sugarcane (Ganna)
0.46965173,-0.5180186,49,7,180,258,459,238,140,Sugarcane (Ganna)
0.9021599,-0.6362974,808,2,295,301,473,332,120,Sugarcane (Ganna)
0.26894554,-0.55538315,776,7,8,286,483,306,117,Sugarcane (Ganna)
0.23641305,-0.57071,52,1,226,248,397,297,139,Sugarcane (Ganna)
0.1306268,-0.4840157,35,3,46,252,435,352,138,Sugarcane (Ganna)
0.23535188,-0.6149987,720,3,20,333,489,334,118,Sugarcane (Ganna)
0.664661,-0.4930604,628,1,90,312,483,380,121,Sugarcane (Ganna)
0.13716109,-0.5695142,693,6,190,318,470,330,118,Sugarcane (Ganna)
0.69153357,-0.494133,787,1,0,296,493,302,119,Sugarcane (Ganna)
0.21711366,-0.5897708,749,6,33,302,530,414,119,Sugarcane (Ganna)
0.2446352,-0.5828276,515,2,332,374,419,266,129,Sugarcane (Ganna)
0.4643097,-0.5294794,714,6,350,316,508,342,118,Sugarcane (Ganna)
0.53999007,-0.4408867,550,5,305,368,445,264,130,Sugarcane (Ganna)
0.7133425,-0.51485664,844,6,327,268,550,368,117,Sugarcane (Ganna)
0.4643097,-0.5294794,714,6,350,316,508,342,118,Sugarcane (Ganna)
0.5111533,-0.43673965,504,1,313,368,467,270,128,Sugarcane (Ganna)
0.7925234,-0.41414943,691,4,0,306,494,342,119,Sugarcane (Ganna)
0.2535211,-0.49610785,663,9,194,312,562,256,125,Sugarcane (Ganna)
0.53785086,-0.58405894,883,4,133,303,528,455,113,Sugarcane (Ganna)
0.61466837,-0.52254283,787,4,331,302,483,316,118,Sugarcane (Ganna)
0.477,-0.5,45,2,153,263,455,242,140,Sugarcane (Ganna)
0.75811666,-0.48543113,873,4,15,334,474,433,111,Sugarcane (Ganna)
0.5736521,-0.38503155,13,3,108,299,365,218,143,Sugarcane (Ganna)
0.23535188,-0.6149987,720,3,20,333,489,334,118,Sugarcane (Ganna)
0.59673303,-0.46265486,696,5,236,335,476,335,117,Sugarcane (Ganna)
0.7548519,-0.5583192,775,5,280,258,565,326,118,Sugarcane (Ganna)
0.6632653,-0.5008039,784,6,41,271,554,311,117,Sugarcane (Ganna)
0.42497903,-0.5517625,760,2,65,301,497,360,113,Sugarcane (Ganna)
0.7389479,-0.46298674,665,2,29,351,458,321,122,Sugarcane (Ganna)
0.653397,-0.55953157,704,5,168,320,505,379,115,Sugarcane (Ganna)
0.4786683,-0.5592204,656,7,222,308,512,231,132,Sugarcane (Ganna)
0.7548519,-0.5583192,775,5,280,258,565,326,118,Sugarcane (Ganna)
0.744841,-0.44017434,686,1,180,342,459,306,115,Sugarcane (Ganna)
0.48632094,-0.54318225,789,5,47,279,524,276,115,Sugarcane (Ganna)
0.77378815,-0.43508643,761,2,245,305,517,352,117,Sugarcane (Ganna)
0.22079588,-0.58532697,743,4,165,308,535,386,115,Sugarcane (Ganna)
0.6868096,-0.59887004,720,4,165,305,522,381,115,Sugarcane (Ganna)
0.51574373,-0.60611963,620,3,73,297,494,302,126,Sugarcane (Ganna)
0.701361,-0.5789833,683,8,242,322,456,354,122,Sugarcane (Ganna)
0.59629893,-0.5418901,818,6,350,283,511,337,118,Sugarcane (Ganna)
0.45496535,-0.6401146,785,1,133,289,491,322,116,Sugarcane (Ganna)
0.2772824,-0.48793516,41,1,314,303,344,294,131,Sugarcane (Ganna)
0.57525164,-0.4306765,520,8,270,337,467,265,130,Sugarcane (Ganna)
0.46546546,-0.600686,832,3,253,322,465,361,121,Sugarcane (Ganna)
0.6580934,-0.47309962,690,12,63,313,523,301,124,Sugarcane (Ganna)
0.7331813,-0.42092946,800,6,287,270,540,286,119,Sugarcane (Ganna)
0.4046021,-0.5704119,172,3,314,198,500,183,137,Sugarcane (Ganna)
0.39696082,-0.5718893,855,8,90,296,523,347,117,Sugarcane (Ganna)
0.77378815,-0.43508643,761,2,245,305,517,352,117,Sugarcane (Ganna)
0.3581609,-0.5854739,643,5,80,313,479,376,124,Sugarcane (Ganna)
0.65560824,-0.40019256,9,4,166,360,256,237,135,Sugarcane (Ganna)
0.49462014,-0.51051486,529,2,0,374,479,274,128,Sugarcane (Ganna)
0.33597186,-0.58001626,505,7,0,334,485,262,131,Sugarcane (Ganna)
0.2985318,-0.54215604,57,4,270,298,401,320,139,Sugarcane (Ganna)
0.7511286,-0.42262626,686,2,270,320,468,353,115,Sugarcane (Ganna)
0.6625379,-0.5336427,826,4,29,302,506,327,119,Sugarcane (Ganna)
0.7389859,-0.5147751,696,5,39,359,484,329,117,Sugarcane (Ganna)
0.34601724,-0.5555802,711,5,24,299,514,333,117,Sugarcane (Ganna)
0.4364174,-0.5676522,791,6,190,282,533,302,113,Sugarcane (Ganna)
0.53381944,-0.4345421,514,5,80,387,418,286,129,Sugarcane (Ganna)
0.5705039,-0.40755254,718,1,270,320,510,324,117,Sugarcane (Ganna)
0.701361,-0.5789833,683,8,242,322,456,354,122,Sugarcane (Ganna)
0.701361,-0.5789833,683,8,242,322,456,354,122,Sugarcane (Ganna)
0.51574373,-0.60611963,620,3,73,297,494,302,126,Sugarcane (Ganna)
0.713369,-0.44186047,668,9,253,330,499,313,119,Sugarcane (Ganna)
0.31048992,-0.5239486,790,4,29,304,482,297,118,Sugarcane (Ganna)
0.4575,-0.52053875,882,3,227,296,551,382,117,Sugarcane (Ganna)
0.7511286,-0.42262626,686,2,270,320,468,353,115,Sugarcane (Ganna)
0.75811666,-0.48543113,873,4,15,334,474,433,111,Sugarcane (Ganna)
0.5705039,-0.40755254,718,1,270,320,510,324,117,Sugarcane (Ganna)
0.7548519,-0.5583192,775,5,280,258,565,326,118,Sugarcane (Ganna)
0.8401505,-0.58392435,683,9,206,332,474,311,115,Sugarcane (Ganna)
0.6831534,-0.39242482,689,4,77,315,500,241,129,Sugarcane (Ganna)
0.69153357,-0.494133,787,1,0,296,493,302,119,Sugarcane (Ganna)
0.7701036,-0.4835121,921,4,313,288,541,420,117,Sugarcane (Ganna)
0.61466837,-0.52254283,787,4,331,302,483,316,118,Sugarcane (Ganna)
0.6134454,-0.46841338,19,1,180,322,341,210,140,Sugarcane (Ganna)
0.35460123,-0.52498966,158,2,180,337,249,341,134,Sugarcane (Ganna)
0.2519685,-0.5226183,862,8,345,283,547,354,114,Sugarcane (Ganna)
0.42782795,-0.6249815,734,4,301,305,511,411,115,Sugarcane (Ganna)
0.63144654,-0.5005697,796,10,224,320,470,308,117,Sugarcane (Ganna)
0.528036,-0.48831952,500,8,7,363,430,286,129,Sugarcane (Ganna)
0.34016776,-0.5527623,670,10,275,344,473,266,123,Sugarcane (Ganna)
0.3087124,-0.5670753,890,3,144,284,560,363,116,Sugarcane (Ganna)
0.53785086,-0.58405894,883,4,133,303,528,455,113,Sugarcane (Ganna)
0.27759197,-0.59380376,724,3,107,304,520,352,118,Sugarcane (Ganna)
0.7169811,-0.45769763,721,6,287,296,541,372,117,Sugarcane (Ganna)
0.69153357,-0.494133,787,1,0,296,493,302,119,Sugarcane (Ganna)
0.3109756,-0.59015715,741,3,36,275,548,267,119,Sugarcane (Ganna)
0.4425851,-0.6130435,683,2,29,333,494,320,118,Sugarcane (Ganna)
0.21711366,-0.5897708,749,6,33,302,530,414,119,Sugarcane (Ganna)
0.7905163,-0.6192602,882,7,313,286,520,431,118,Sugarcane (Ganna)
0.51574373,-0.60611963,620,3,73,297,494,302,126,Sugarcane (Ganna)
0.29141176,-0.6052117,683,4,245,345,491,356,118,Sugarcane (Ganna)
0.316787,-0.5566304,530,11,313,342,479,291,131,Sugarcane (Ganna)
0.6625379,-0.5336427,826,4,29,302,506,327,119,Sugarcane (Ganna)
0.7169811,-0.45769763,721,6,287,296,541,372,117,Sugarcane (Ganna)
0.29078785,-0.57820755,656,5,90,303,480,346,122,Sugarcane (Ganna)
0.43211266,-0.5985706,708,6,241,306,513,378,118,Sugarcane (Ganna)
0.4547666,-0.6027986,667,5,321,307,512,246,124,Sugarcane (Ganna)
0.6843374,-0.41333333,519,3,287,379,448,292,126,Sugarcane (Ganna)
0.13716109,-0.5695142,693,6,190,318,470,330,118,Sugarcane (Ganna)
0.37147462,-0.50363815,124,1,180,379,218,291,134,Sugarcane (Ganna)
0.45792776,-0.40906966,81,3,90,296,418,268,136,Sugarcane (Ganna)
0.74865526,-0.44667327,718,3,324,300,522,316,117,Sugarcane (Ganna)
0.17664735,-0.5741379,670,7,352,352,466,332,124,Sugarcane (Ganna)
0.63144654,-0.5005697,796,10,224,320,470,308,117,Sugarcane (Ganna)
0.59331703,-0.48802948,844,1,227,301,503,320,119,Sugarcane (Ganna)
0.42782795,-0.6249815,734,4,301,305,511,411,115,Sugarcane (Ganna)
0.41339493,-0.5003195,641,2,180,297,507,264,127,Sugarcane (Ganna)
0.66524416,-0.413076,672,3,287,317,490,218,132,Sugarcane (Ganna)
0.6868096,-0.59887004,720,4,165,305,522,381,115,Sugarcane (Ganna)
0.7169811,-0.45769763,721,6,287,296,541,372,117,Sugarcane (Ganna)
0.61466837,-0.52254283,787,4,331,302,483,316,118,Sugarcane (Ganna)
0.74865526,-0.44667327,718,3,324,300,522,316,117,Sugarcane (Ganna)
0.49967927,-0.5102639,516,11,180,378,463,248,128,Sugarcane (Ganna)
0.6580934,-0.47309962,690,12,63,313,523,301,124,Sugarcane (Ganna)
0.6355685,-0.54082644,864,6,209,307,494,330,118,Sugarcane (Ganna)
0.65457433,-0.4655363,682,3,200,301,509,240,128,Sugarcane (Ganna)
0.664661,-0.4930604,628,1,90,312,483,380,121,Sugarcane (Ganna)
0.7206887,-0.50478333,846,5,39,285,540,379,119,Sugarcane (Ganna)
0.744841,-0.44017434,686,1,180,342,459,306,115,Sugarcane (Ganna)
0.5239911,-0.60180527,614,3,47,285,514,306,126,Sugarcane (Ganna)
0.7511286,-0.42262626,686,2,270,320,468,353,115,Sugarcane (Ganna)
0.68985975,-0.5495679,1264,2,90,359,377,380,122,Sugarcane (Ganna)
0.4034806,-0.60746,675,4,65,281,500,310,126,Sugarcane (Ganna)
0.63026655,-0.49571094,657,4,313,308,529,311,122,Sugarcane (Ganna)
0.1648246,-0.5773913,501,1,180,336,484,236,129,Sugarcane (Ganna)
0.24598071,-0.5157932,817,3,133,274,541,312,119,Sugarcane (Ganna)
0.53097683,-0.44495413,16,1,226,307,333,207,143,Sugarcane (Ganna)
0.23535188,-0.6149987,720,3,20,333,489,334,118,Sugarcane (Ganna)
0.62218046,-0.3695723,812,2,270,290,560,356,117,Sugarcane (Ganna)
0.63465786,-0.5905318,744,3,107,278,550,305,119,Sugarcane (Ganna)
0.8793696,-0.63600653,810,6,287,288,494,298,118,Sugarcane (Ganna)
0.37337193,-0.5435772,541,0,0,353,432,249,130,Sugarcane (Ganna)
0.7925234,-0.41414943,691,4,0,306,494,342,119,Sugarcane (Ganna)
0.7169811,-0.45769763,721,6,287,296,541,372,117,Sugarcane (Ganna)
0.17664735,-0.5741379,670,7,352,352,466,332,124,Sugarcane (Ganna)
0.63026655,-0.49571094,657,4,313,308,529,311,122,Sugarcane (Ganna)
0.7705307,-0.515435,699,1,180,321,473,330,118,Sugarcane (Ganna)
0.31170768,-0.6478963,76,4,90,488,209,288,142,Sugarcane (Ganna)
0.7705307,-0.515435,699,1,180,321,473,330,118,Sugarcane (Ganna)
0.5610561,-0.4721268,655,5,227,305,531,311,122,Sugarcane (Ganna)
0.9021599,-0.6362974,808,2,295,301,473,332,120,Sugarcane (Ganna)
0.7389859,-0.5147751,696,5,39,359,484,329,117,Sugarcane (Ganna)
0.7056833,-0.40241486,690,3,324,331,524,232,130,Sugarcane (Ganna)
0.4425851,-0.6130435,683,2,29,333,494,320,118,Sugarcane (Ganna)
0.4643097,-0.5294794,714,6,350,316,508,342,118,Sugarcane (Ganna)
0.5430672,-0.47319034,549,5,23,353,474,276,131,Sugarcane (Ganna)
0.6435438,-0.4154882,85,3,252,309,179,163,136,Sugarcane (Ganna)
0.36603773,-0.56589144,738,2,180,294,538,368,118,Sugarcane (Ganna)
0.8793696,-0.63600653,810,6,287,288,494,298,118,Sugarcane (Ganna)
0.40570042,-0.532802,540,5,90,362,431,262,130,Sugarcane (Ganna)
0.7925234,-0.41414943,691,4,0,306,494,342,119,Sugarcane (Ganna)
0.33261687,-0.5597407,717,2,65,309,495,323,120,Sugarcane (Ganna)
0.7389859,-0.5147751,696,5,39,359,484,329,117,Sugarcane (Ganna)
0.39696082,-0.5718893,855,8,90,296,523,347,117,Sugarcane (Ganna)
0.8793696,-0.63600653,810,6,287,288,494,298,118,Sugarcane (Ganna)
0.70942664,-0.6041124,99,6,10,304,442,230,139,Sugarcane (Ganna)
0.5587002,-0.3584775,56,0,0,329,266,206,133,Sugarcane (Ganna)
0.68262506,-0.43428358,11,6,81,312,309,301,134,Sugarcane (Ganna)
0.63026655,-0.49571094,657,4,313,308,529,311,122,Sugarcane (Ganna)
0.7511286,-0.42262626,686,2,270,320,468,353,115,Sugarcane (Ganna)
0.7133425,-0.51485664,844,6,327,268,550,368,117,Sugarcane (Ganna)
0.62996256,-0.46694216,638,1,313,310,504,223,131,Sugarcane (Ganna)
0.5314212,-0.58036005,870,6,221,308,552,422,117,Sugarcane (Ganna)
0.2519685,-0.5226183,862,8,345,283,547,354,114,Sugarcane (Ganna)
0.18090452,-0.51984125,223,3,226,193,494,200,137,Sugarcane (Ganna)
0.451208,-0.5198353,736,3,90,324,476,267,120,Sugarcane (Ganna)
0.4717608,-0.45354125,542,3,287,363,440,243,130,Sugarcane (Ganna)
0.6613139,-0.4253005,687,2,0,294,535,299,126,Sugarcane (Ganna)
0.5419525,-0.5775092,734,6,90,298,514,307,115,Sugarcane (Ganna)
0.5497326,-0.4385527,85,1,90,307,202,168,136,Sugarcane (Ganna)
0.34601724,-0.5555802,711,5,24,299,514,333,117,Sugarcane (Ganna)
0.2991522,-0.56261593,689,9,174,361,430,259,122,Sugarcane (Ganna)
0.43793193,-0.5820412,661,1,180,323,487,224,134,Sugarcane (Ganna)
0.63026655,-0.49571094,657,4,313,308,529,311,122,Sugarcane (Ganna)
0.66670364,-0.4033019,9,3,270,333,285,260,138,Sugarcane (Ganna)
0.40056023,-0.5751819,673,4,245,313,492,250,129,Sugarcane (Ganna)
0.5239911,-0.60180527,614,3,47,285,514,306,126,Sugarcane (Ganna)
0.7133425,-0.51485664,844,6,327,268,550,368,117,Sugarcane (Ganna)
0.33812374,-0.54471546,740,7,25,276,551,248,120,Sugarcane (Ganna)
0.6078818,-0.502766,730,4,90,288,529,376,118,Sugarcane (Ganna)
0.47842056,-0.5441331,850,3,324,294,528,374,122,Sugarcane (Ganna)
0.43211266,-0.5985706,708,6,241,306,513,378,118,Sugarcane (Ganna)
0.31048992,-0.5239486,790,4,29,304,482,297,118,Sugarcane (Ganna)
0.2519685,-0.5226183,862,8,345,283,547,354,114,Sugarcane (Ganna)
0.45264593,-0.5491786,857,1,133,286,538,370,118,Sugarcane (Ganna)
0.22563031,-0.50217634,232,1,180,271,393,321,132,Sugarcane (Ganna)
0.5086029,-0.3537771,46,1,314,409,204,168,135,Sugarcane (Ganna)
0.33640552,-0.5930979,500,7,313,325,497,258,131,Sugarcane (Ganna)
0.7511286,-0.42262626,686,2,270,320,468,353,115,Sugarcane (Ganna)
0.29078785,-0.57820755,656,5,90,303,480,346,122,Sugarcane (Ganna)
0.28186274,-0.41259563,11,3,108,300,331,275,137,Sugarcane (Ganna)
0.69153357,-0.494133,787,1,0,296,493,302,119,Sugarcane (Ganna)
0.39532754,-0.55263156,799,1,0,275,543,297,121,Sugarcane (Ganna)
0.33404368,-0.4701012,655,3,287,317,504,249,127,Sugarcane (Ganna)
0.48397976,-0.47877592,532,8,71,387,418,299,128,Sugarcane (Ganna)
0.61466837,-0.52254283,787,4,331,302,483,316,118,Sugarcane (Ganna)
0.42782795,-0.6249815,734,4,301,305,511,411,115,Sugarcane (Ganna)
0.51574373,-0.60611963,620,3,73,297,494,302,126,Sugarcane (Ganna)
0.6625379,-0.5336427,826,4,29,302,506,327,119,Sugarcane (Ganna)
0.29141176,-0.6052117,683,4,245,345,491,356,118,Sugarcane (Ganna)
0.7389859,-0.5147751,696,5,39,359,484,329,117,Sugarcane (Ganna)
0.42558032,-0.52376556,336,5,90,314,366,442,138,Wheat (Gehu)
0.26825985,-0.31079647,514,2,270,341,202,173,141,Wheat (Gehu)
0.031193385,-0.12244996,409,2,308,273,264,158,139,Wheat (Gehu)
0.25150636,-0.36521232,288,0,0,294,304,96,142,Wheat (Gehu)
0.46127367,-0.37057185,314,3,0,309,315,84,138,Wheat (Gehu)
0.35180944,-0.28343415,309,3,69,288,324,73,137,Wheat (Gehu)
0.4686235,-0.20393492,262,2,33,252,367,122,138,Wheat (Gehu)
0.19615546,-0.37415996,368,4,139,288,359,94,142,Wheat (Gehu)
0.09041653,-0.2553802,328,3,291,290,321,76,139,Wheat (Gehu)
0.19214717,-0.32719222,313,2,270,310,318,86,138,Wheat (Gehu)
0.17795801,-0.31649566,309,0,0,307,297,78,139,Wheat (Gehu)
0.19310898,-0.4764622,219,4,163,361,318,276,145,Wheat (Gehu)
0.3406674,-0.25060198,236,2,307,231,363,84,140,Wheat (Gehu)
0.34625262,-0.26926798,379,1,180,282,300,91,142,Wheat (Gehu)
0.4924875,-0.4498382,337,1,0,295,337,82,140,Wheat (Gehu)
0.25814536,-0.36226493,393,2,52,286,319,88,141,Wheat (Gehu)
0.38652483,-0.33876646,320,0,0,314,311,86,138,Wheat (Gehu)
0.09171762,-0.29869795,420,1,270,281,379,265,141,Wheat (Gehu)
0.31889656,-0.28780672,305,2,308,291,318,84,137,Wheat (Gehu)
0.16826181,-0.34477597,307,1,0,279,317,77,141,Wheat (Gehu)
0.16175722,-0.2908098,362,3,111,292,325,82,141,Wheat (Gehu)
0.20680629,-0.34409517,313,2,232,294,325,82,141,Wheat (Gehu)
0.23431203,-0.3113415,291,2,128,269,307,96,141,Wheat (Gehu)
0.4845815,-0.3571003,512,2,232,322,199,179,141,Wheat (Gehu)
0.1735686,-0.3289961,375,2,327,295,323,77,142,Wheat (Gehu)
0.42311725,-0.38102064,443,1,0,306,258,139,140,Wheat (Gehu)
0.31702507,-0.3836598,309,2,308,304,298,92,139,Wheat (Gehu)
0.38013932,-0.31608507,312,0,0,291,337,81,140,Wheat (Gehu)
0.5271704,-0.5307634,55,2,270,80,778,493,133,Wheat (Gehu)
0.28627878,-0.2912358,319,2,52,325,325,82,138,Wheat (Gehu)
0.3023192,-0.43363783,57,2,301,93,753,514,136,Wheat (Gehu)
0.7307526,-0.52815187,636,3,291,282,164,243,135,Wheat (Gehu)
0.304439,-0.34417343,336,2,308,285,331,87,138,Wheat (Gehu)
0.28367144,-0.37762374,94,1,0,300,420,205,151,Wheat (Gehu)
0.3946979,-0.3596059,324,0,0,318,307,85,139,Wheat (Gehu)
0.22252192,-0.3897259,432,2,128,279,260,149,141,Wheat (Gehu)
0.4600395,-0.359535,312,2,128,291,323,81,141,Wheat (Gehu)
0.4379188,-0.42871386,335,2,308,298,328,88,139,Wheat (Gehu)
0.49569994,-0.44197726,371,2,232,284,333,77,141,Wheat (Gehu)
0.55,-0.4923143,543,2,213,328,183,236,140,Wheat (Gehu)
0.52642506,-0.58346766,56,3,270,88,788,576,134,Wheat (Gehu)
0.38173103,-0.35470006,356,2,327,283,321,79,140,Wheat (Gehu)
0.17772533,-0.3573302,320,3,52,311,308,85,138,Wheat (Gehu)
0.23150888,-0.30990416,289,4,256,294,302,86,141,Wheat (Gehu)
0.17029683,-0.36296877,443,1,180,282,265,141,140,Wheat (Gehu)
0.5757048,-0.47887614,445,2,128,286,267,142,141,Wheat (Gehu)
0.13075294,-0.33148304,507,1,180,335,206,186,142,Wheat (Gehu)
0.6592251,-0.50980735,84,2,321,95,766,574,134,Wheat (Gehu)
0.3224601,-0.388942,590,0,0,319,185,243,138,Wheat (Gehu)
0.39595103,-0.19769168,394,2,127,286,302,98,139,Wheat (Gehu)
0.47256735,-0.35349962,336,0,0,293,319,79,139,Wheat (Gehu)
0.4182104,-0.356477,391,3,291,263,350,87,142,Wheat (Gehu)
0.1529548,-0.340443,334,2,327,300,329,89,139,Wheat (Gehu)
0.13245824,-0.32627496,321,1,0,315,324,78,138,Wheat (Gehu)
0.15244833,-0.28983405,312,4,63,300,319,77,141,Wheat (Gehu)
0.19635202,-0.33920926,308,1,0,309,303,73,138,Wheat (Gehu)
0.47142407,-0.38851863,306,3,128,286,315,73,140,Wheat (Gehu)
0.57628185,-0.4840681,369,2,0,281,341,90,141,Wheat (Gehu)
0.43803978,-0.34484455,322,3,249,277,330,82,139,Wheat (Gehu)
0.50256675,-0.35995337,438,2,327,295,256,150,140,Wheat (Gehu)
0.69929,-0.36667326,56,1,0,118,686,516,136,Wheat (Gehu)
0.3725106,-0.48426333,286,4,51,436,228,330,147,Wheat (Gehu)
0.42384455,-0.40791318,60,3,253,79,762,515,130,Wheat (Gehu)
0.21004026,-0.36490324,515,1,90,324,198,157,140,Wheat (Gehu)
0.31341907,-0.28962547,384,3,232,293,329,83,141,Wheat (Gehu)
0.49239197,-0.36790124,377,2,213,271,349,83,141,Wheat (Gehu)
0.534868,-0.37373054,314,2,128,286,343,81,140,Wheat (Gehu)
0.43644208,-0.3787523,757,3,69,278,245,167,137,Wheat (Gehu)
0.20657612,-0.21067157,252,1,270,280,336,93,139,Wheat (Gehu)
0.62527233,-0.26333174,747,2,0,304,246,187,139,Wheat (Gehu)
0.48434398,-0.6115231,7,0,0,190,515,482,132,Wheat (Gehu)
0.20054758,-0.33650059,453,1,0,317,247,134,139,Wheat (Gehu)
0.3827764,-0.48013818,62,2,239,103,717,417,137,Wheat (Gehu)
0.41468158,-0.30723378,313,2,308,299,323,79,141,Wheat (Gehu)
0.5524834,-0.3770813,335,2,180,289,327,83,139,Wheat (Gehu)
0.23360725,-0.39427653,401,2,232,266,290,102,141,Wheat (Gehu)
0.31862745,-0.43353078,72,1,180,92,758,522,133,Wheat (Gehu)
0.40497562,-0.36293206,850,3,157,330,209,315,136,Wheat (Gehu)
0.43571103,-0.36362264,303,2,213,295,312,80,141,Wheat (Gehu)
0.38522637,-0.31402054,373,1,270,294,316,85,142,Wheat (Gehu)
0.50752854,-0.49299672,76,3,90,65,810,410,135,Wheat (Gehu)
0.48633558,-0.206683,391,2,53,282,319,92,141,Wheat (Gehu)
0.4605444,-0.38966367,375,1,180,295,340,82,141,Wheat (Gehu)
0.14112851,-0.30498514,345,2,308,301,316,82,140,Wheat (Gehu)
0.18405569,-0.32605663,451,2,308,281,252,156,141,Wheat (Gehu)
0.5253924,-0.37321937,331,0,0,289,326,76,139,Wheat (Gehu)
0.5581288,-0.4166891,310,3,0,287,339,90,140,Wheat (Gehu)
0.5413271,-0.3751064,451,3,249,326,236,150,140,Wheat (Gehu)
0.21136661,-0.3639993,382,2,128,285,326,80,142,Wheat (Gehu)
0.5048219,-0.46729997,439,2,180,274,266,153,140,Wheat (Gehu)
0.4143311,-0.37056395,380,2,147,302,336,87,143,Wheat (Gehu)
0.32066005,-0.364937,472,0,0,322,225,151,138,Wheat (Gehu)
0.30099902,-0.38529307,442,3,0,278,265,150,142,Wheat (Gehu)
0.3296355,-0.40703747,335,2,232,280,333,86,140,Wheat (Gehu)
0.34691536,-0.36920735,320,1,0,318,317,78,139,Wheat (Gehu)
0.27368885,-0.11412868,254,0,0,287,351,96,137,Wheat (Gehu)
0.39468977,-0.39712918,53,2,59,111,683,390,136,Wheat (Gehu)
0.20135939,-0.4356621,468,4,255,279,383,261,142,Wheat (Gehu)
0.16231923,-0.32977158,463,1,90,353,233,178,138,Wheat (Gehu)
0.33302134,-0.2045072,398,3,69,326,260,110,139,Wheat (Gehu)
0.42956522,-0.30383042,219,4,270,279,297,90,142,Wheat (Gehu)
0.31832367,-0.31616268,388,2,308,270,352,87,142,Wheat (Gehu)
0.29457238,-0.5392157,136,0,0,294,328,221,148,Wheat (Gehu)
0.13194545,-0.40844077,335,4,129,315,363,192,141,Wheat (Gehu)
0.43784267,-0.37169427,445,2,270,286,251,147,141,Wheat (Gehu)
0.6112805,-0.537373,56,1,0,89,784,453,136,Wheat (Gehu)
0.23805733,-0.2932812,318,2,128,311,307,102,139,Wheat (Gehu)
0.34603354,-0.3317333,474,1,90,332,219,127,141,Wheat (Gehu)
0.40250757,-0.3681341,315,2,52,299,311,87,140,Wheat (Gehu)
0.19699249,-0.32378832,310,1,270,279,300,77,139,Wheat (Gehu)
0.32643,-0.30282375,336,2,308,280,329,83,140,Wheat (Gehu)
0.21502718,-0.36549342,305,1,0,303,297,70,139,Wheat (Gehu)
0.45146173,-0.35646972,402,1,180,302,288,212,142,Wheat (Gehu)
0.4438827,-0.37503672,331,1,0,285,324,71,140,Wheat (Gehu)
0.5784737,-0.38170943,372,2,0,281,364,77,142,Wheat (Gehu)
0.46377155,-0.37949052,448,1,270,282,259,158,142,Wheat (Gehu)
0.39708775,-0.42721644,74,2,141,107,737,475,137,Wheat (Gehu)
0.3302777,-0.35657778,596,1,90,274,231,171,138,Wheat (Gehu)
0.13579625,-0.28147689,309,3,128,323,299,74,138,Wheat (Gehu)
0.7871698,-0.427337,65,3,0,90,791,530,135,Wheat (Gehu)
0.45750508,-0.3557008,338,1,90,313,311,91,138,Wheat (Gehu)
0.4781642,-0.38448742,453,2,308,319,248,135,139,Wheat (Gehu)
0.5465973,-0.45531663,323,0,0,305,320,84,140,Wheat (Gehu)
0.11903599,-0.24749048,301,0,0,312,298,92,140,Wheat (Gehu)
0.439846,-0.4001037,360,2,232,295,321,85,141,Wheat (Gehu)
0.45212767,-0.34932727,370,2,147,288,357,83,143,Wheat (Gehu)
0.22813939,-0.2998018,423,1,0,270,267,115,138,Wheat (Gehu)
0.20670392,-0.30761123,329,1,90,282,329,70,140,Wheat (Gehu)
0.22727786,-0.3635093,81,1,0,98,746,498,136,Wheat (Gehu)
0.32491615,-0.330607,435,4,105,286,251,136,140,Wheat (Gehu)
0.45256716,-0.3868989,321,2,180,322,318,79,139,Wheat (Gehu)
0.25845963,-0.35852107,307,2,213,303,313,72,138,Wheat (Gehu)
0.5266408,-0.3913864,506,1,270,328,209,185,142,Wheat (Gehu)
0.34419867,-0.29876673,304,1,90,304,304,98,140,Wheat (Gehu)
0.4201389,-0.3586262,323,2,180,304,322,90,139,Wheat (Gehu)
0.4497974,-0.39901447,304,1,270,297,311,73,139,Wheat (Gehu)
0.4417853,-0.37081286,427,3,249,297,260,146,141,Wheat (Gehu)
0.48679578,-0.3826545,310,1,0,268,308,82,140,Wheat (Gehu)
0.5592382,-0.2819297,400,2,53,264,307,106,139,Wheat (Gehu)
0.3818763,-0.3933295,313,1,0,275,305,78,140,Wheat (Gehu)
0.26546177,-0.28458038,306,1,0,284,319,82,140,Wheat (Gehu)
0.48279592,-0.47221154,316,3,52,287,337,78,137,Wheat (Gehu)
0.5335644,-0.385867,391,3,128,263,355,97,142,Wheat (Gehu)
0.5957466,-0.48913822,346,5,44,302,316,79,140,Wheat (Gehu)
0.13521202,-0.28551596,311,1,180,309,311,75,138,Wheat (Gehu)
0.073346,-0.29743448,323,3,0,291,322,76,140,Wheat (Gehu)
0.35514778,-0.33363554,383,4,285,276,352,87,142,Wheat (Gehu)
0.26675978,-0.3375039,315,2,308,309,315,84,138,Wheat (Gehu)
0.32323998,-0.38621992,301,2,90,302,309,91,141,Wheat (Gehu)
0.42595977,-0.40545097,292,1,270,316,302,77,141,Wheat (Gehu)
0.32554862,-0.33019114,320,1,0,284,338,79,137,Wheat (Gehu)
0.67905056,-0.36494598,92,2,239,79,766,509,135,Wheat (Gehu)
0.37785748,-0.38365495,307,1,90,291,312,99,138,Wheat (Gehu)
0.28062302,-0.30666357,373,2,308,285,337,90,142,Wheat (Gehu)
0.64997834,-0.50985634,55,0,0,100,727,453,131,Wheat (Gehu)
0.16659246,-0.30533382,351,1,270,300,330,83,138,Wheat (Gehu)
0.3524335,-0.33021262,463,2,270,353,237,164,139,Wheat (Gehu)
0.17975317,-0.3851492,452,1,90,306,372,262,143,Wheat (Gehu)
0.41232434,-0.431694,82,4,180,78,774,430,136,Wheat (Gehu)
0.16405433,-0.32484075,301,1,270,301,308,88,141,Wheat (Gehu)
0.39681548,-0.521746,5,2,180,274,434,574,136,Wheat (Gehu)
0.22683954,-0.31184658,306,3,249,270,300,81,139,Wheat (Gehu)
0.15948522,-0.38226926,345,3,128,298,317,80,141,Wheat (Gehu)
0.3914113,-0.40562928,370,2,308,299,332,99,141,Wheat (Gehu)
0.20013253,-0.3022177,293,2,128,298,307,78,140,Wheat (Gehu)
0.5764778,-0.494712,460,2,270,286,260,161,140,Wheat (Gehu)
0.44812742,-0.5095844,8,2,321,184,525,579,131,Wheat (Gehu)
0.15033545,-0.34681994,352,2,232,307,310,85,140,Wheat (Gehu)
0.49013326,-0.30776718,467,2,308,333,219,200,138,Wheat (Gehu)
0.6429831,-0.3708166,42,0,0,171,588,473,131,Wheat (Gehu)
0.3967922,-0.33674753,387,3,308,267,352,87,142,Wheat (Gehu)
0.5013786,-0.37346512,477,2,147,338,214,150,139,Wheat (Gehu)
0.5498611,-0.37188148,417,0,0,263,323,109,141,Wheat (Gehu)
0.24312143,-0.39469665,313,2,270,298,314,84,140,Wheat (Gehu)
0.36949304,-0.31439343,303,1,180,307,311,97,140,Wheat (Gehu)
0.17279822,-0.3417863,444,3,23,277,257,158,140,Wheat (Gehu)
0.466737,-0.3809918,342,1,0,307,319,80,139,Wheat (Gehu)
0.43042815,-0.358401,294,3,308,285,318,85,141,Wheat (Gehu)
0.33813986,-0.31167772,303,2,180,297,310,78,140,Wheat (Gehu)
0.4776693,-0.38057718,514,2,180,343,202,174,142,Wheat (Gehu)
0.48409566,-0.37685272,318,3,203,323,320,79,139,Wheat (Gehu)
0.40690833,-0.35639834,379,4,41,307,327,87,142,Wheat (Gehu)
0.42600495,-0.34806994,347,1,0,303,321,98,138,Wheat (Gehu)
0.49756438,-0.43510982,323,2,213,286,334,77,137,Wheat (Gehu)
0.32598263,-0.4592161,62,2,0,118,687,555,135,Wheat (Gehu)
0.20542817,-0.18680693,218,1,90,243,329,95,141,Wheat (Gehu)
0.47344005,-0.41357195,311,2,308,295,325,83,141,Wheat (Gehu)
0.44351503,-0.36372367,341,1,270,305,319,77,140,Wheat (Gehu)
0.6197954,-0.39801908,80,2,219,94,756,497,137,Wheat (Gehu)
0.3261351,-0.30393514,338,2,327,301,330,97,139,Wheat (Gehu)
0.12392313,-0.3129809,290,1,270,278,307,80,140,Wheat (Gehu)
0.5529303,-0.42848122,333,0,0,283,334,87,140,Wheat (Gehu)
0.2798922,-0.46435255,142,1,180,331,297,213,147,Wheat (Gehu)
0.33593166,-0.370126,566,2,308,315,189,230,137,Wheat (Gehu)
0.20948026,-0.42088526,318,2,232,320,319,82,139,Wheat (Gehu)
0.16772547,-0.3264755,383,2,180,307,329,82,142,Wheat (Gehu)
0.20583293,-0.3534179,454,2,270,299,248,147,140,Wheat (Gehu)
0.16719243,-0.26132405,280,3,111,279,331,91,139,Wheat (Gehu)
0.27875108,-0.37083206,455,2,180,316,242,137,139,Wheat (Gehu)
0.6670479,-0.43952248,304,1,180,295,317,92,140,Wheat (Gehu)
0.44302204,-0.32672563,373,2,232,276,361,87,141,Wheat (Gehu)
0.52613807,-0.4526316,74,3,331,102,741,430,137,Wheat (Gehu)
0.1303781,-0.22876051,281,2,0,276,347,107,138,Wheat (Gehu)
0.36208853,-0.332996,369,4,255,285,332,95,141,Wheat (Gehu)
0.19899411,-0.28356928,309,2,128,298,334,80,137,Wheat (Gehu)
0.48365182,-0.37058648,389,2,327,293,322,108,140,Wheat (Gehu)
0.49438944,-0.38245326,307,2,180,274,333,87,138,Wheat (Gehu)
0.41141552,-0.39021534,308,0,0,289,299,69,140,Wheat (Gehu)
0.5785591,-0.5113485,688,3,232,267,177,262,135,Wheat (Gehu)
0.19110847,-0.33257365,307,1,0,285,319,82,140,Wheat (Gehu)
0.100225225,-0.2685293,305,2,327,286,319,85,140,Wheat (Gehu)
0.43962848,-0.362273,401,0,0,270,298,78,141,Wheat (Gehu)
0.22782116,-0.2966175,332,2,308,286,319,73,140,Wheat (Gehu)
0.41905642,-0.34023055,330,2,308,269,337,79,139,Wheat (Gehu)
0.6141493,-0.45499256,372,1,180,294,313,80,142,Wheat (Gehu)
0.6491195,-0.48299074,401,2,52,272,289,96,141,Wheat (Gehu)
0.38062128,-0.35753062,321,1,90,328,311,80,139,Wheat (Gehu)
0.4203385,-0.36119762,449,2,308,314,247,158,139,Wheat (Gehu)
0.44578907,-0.38549256,65,1,180,123,694,451,137,Wheat (Gehu)
0.28107968,-0.20193988,390,3,291,291,292,116,139,Wheat (Gehu)
0.45470056,-0.34912992,451,3,128,333,240,143,139,Wheat (Gehu)
0.3296052,-0.3599647,71,1,231,353,375,195,151,Wheat (Gehu)
0.5088799,-0.46677044,31,3,90,136,595,624,119,Wheat (Gehu)
0.4222519,-0.33253884,372,3,111,287,325,80,143,Wheat (Gehu)
0.24724409,-0.29402012,315,3,180,300,320,79,141,Wheat (Gehu)
0.14982684,-0.42260426,299,3,157,323,306,288,143,Wheat (Gehu)
0.3916501,-0.37229115,314,2,147,288,337,80,140,Wheat (Gehu)
0.50399345,-0.40244946,314,1,180,313,313,84,139,Wheat (Gehu)
0.4570668,-0.3672586,313,2,180,293,323,87,139,Wheat (Gehu)
0.30680886,-0.34944668,315,2,180,283,324,91,140,Wheat (Gehu)
0.5426195,-0.51536024,88,2,90,100,687,504,131,Wheat (Gehu)
0.09147287,-0.33530214,46,1,0,363,287,153,149,Wheat (Gehu)
0.32051015,-0.29823568,425,2,52,285,270,118,139,Wheat (Gehu)
0.38985652,-0.3498918,317,1,270,309,325,84,138,Wheat (Gehu)
0.33929074,-0.3487866,374,1,0,298,313,81,141,Wheat (Gehu)
0.16987322,-0.32915616,480,3,337,321,220,146,140,Wheat (Gehu)
0.45648775,-0.4141808,66,2,39,96,750,450,135,Wheat (Gehu)
0.5747903,-0.32838,440,2,147,300,257,148,140,Wheat (Gehu)
0.4392425,-0.41768068,74,2,239,102,740,545,136,Wheat (Gehu)
0.43413875,-0.36044964,430,2,213,284,256,155,140,Wheat (Gehu)
0.599051,-0.45799798,404,2,232,274,292,93,141,Wheat (Gehu)
0.6360462,-0.46547017,68,1,180,109,689,448,136,Wheat (Gehu)
0.24499837,-0.25245902,332,5,0,257,346,80,141,Wheat (Gehu)
0.43779713,-0.35116825,308,2,180,297,308,71,139,Wheat (Gehu)
0.05952195,-0.055383176,592,1,180,284,229,175,138,Wheat (Gehu)
0.3830887,-0.3038679,345,3,203,309,322,82,140,Wheat (Gehu)
0.17563851,-0.2784264,315,2,147,276,309,80,140,Wheat (Gehu)
0.4922906,-0.39148226,363,4,270,309,322,86,141,Wheat (Gehu)
0.54362416,-0.42837417,66,2,90,111,767,550,136,Wheat (Gehu)
0.19901966,-0.35524938,436,2,308,281,260,145,139,Wheat (Gehu)
0.17370357,-0.35736534,456,5,79,281,246,130,140,Wheat (Gehu)
0.13138102,-0.34768414,305,1,180,307,294,72,138,Wheat (Gehu)
0.26046842,-0.3101315,444,3,111,288,257,133,139,Wheat (Gehu)
0.4730077,-0.41172868,78,0,0,67,798,471,136,Wheat (Gehu)
0.14245096,-0.3240228,317,1,90,269,311,80,139,Wheat (Gehu)
0.1724138,-0.31626564,310,0,0,307,323,78,140,Wheat (Gehu)
0.3164408,-0.47661123,296,1,231,364,261,326,142,Wheat (Gehu)
0.40341052,-0.40101522,323,1,180,316,312,81,139,Wheat (Gehu)
0.3870135,-0.37378278,312,2,0,308,311,79,141,Wheat (Gehu)
0.26302865,-0.32772142,306,2,308,304,318,72,139,Wheat (Gehu)
0.40575978,-0.3318695,319,0,0,324,320,79,139,Wheat (Gehu)
0.18709677,-0.35896298,316,0,0,298,322,84,140,Wheat (Gehu)
0.45406497,-0.39648378,381,3,128,269,367,75,141,Wheat (Gehu)
0.55631256,-0.46681416,365,2,90,277,340,86,142,Wheat (Gehu)
0.4675561,-0.42895767,87,5,270,90,777,593,135,Wheat (Gehu)
0.19608852,-0.44548404,6,1,90,465,125,386,141,Wheat (Gehu)
0.25406107,-0.44715333,136,2,32,300,340,256,147,Wheat (Gehu)
0.48886532,-0.3873039,323,3,128,277,331,75,140,Wheat (Gehu)
0.3369863,-0.3244745,321,2,232,317,317,84,138,Wheat (Gehu)
0.27565518,-0.35359505,444,0,0,273,270,138,140,Wheat (Gehu)
0.25432998,-0.32094637,322,3,52,315,308,86,139,Wheat (Gehu)
0.24886367,-0.33897147,444,2,147,290,268,157,142,Wheat (Gehu)
0.18038827,-0.37062016,320,1,90,319,318,82,139,Wheat (Gehu)
0.8119829,-0.56498367,69,2,239,112,751,515,134,Wheat (Gehu)
0.40716776,-0.31232548,436,4,285,296,258,149,140,Wheat (Gehu)
0.42981535,-0.38058951,343,0,0,294,332,97,139,Wheat (Gehu)
0.17542237,-0.29549953,309,1,180,308,311,79,139,Wheat (Gehu)
0.17332917,-0.34929886,374,3,52,298,331,85,142,Wheat (Gehu)
0.53993887,-0.34790754,260,2,53,272,369,90,139,Wheat (Gehu)
0.4034277,-0.39826876,378,2,33,296,338,87,141,Wheat (Gehu)
0.34651944,-0.25044984,390,1,180,265,317,102,140,Wheat (Gehu)
0.114043355,-0.2935561,335,2,0,311,316,79,138,Wheat (Gehu)
0.47202796,-0.36452484,385,2,128,270,359,83,140,Wheat (Gehu)
0.5250412,-0.34189406,453,1,270,270,247,156,141,Wheat (Gehu)
0.1729809,-0.3017046,307,2,308,287,319,82,141,Wheat (Gehu)
0.18370354,-0.3006287,309,2,52,313,300,79,138,Wheat (Gehu)
0.21322924,-0.34730113,453,2,90,314,246,136,140,Wheat (Gehu)
0.29240376,-0.20258273,225,1,90,304,310,89,141,Wheat (Gehu)
0.5207861,-0.38382804,66,1,180,116,682,466,135,Wheat (Gehu)
0.24917382,-0.30121478,311,2,52,313,314,76,138,Wheat (Gehu)
0.6782396,-0.5488792,87,2,90,100,720,543,134,Wheat (Gehu)
0.31277534,-0.21044046,515,2,33,259,344,186,142,Wheat (Gehu)
0.2600036,-0.34263307,382,3,232,304,334,83,141,Wheat (Gehu)
0.15988724,-0.39398897,317,2,180,287,325,81,140,Wheat (Gehu)
0.67101306,-0.49111858,58,1,0,67,750,409,139,Wheat (Gehu)
0.3443396,-0.3495226,330,3,249,283,319,82,140,Wheat (Gehu)
0.802978,-0.5286041,66,2,321,90,792,554,129,Wheat (Gehu)
0.4382602,-0.33355585,377,4,75,269,363,76,141,Wheat (Gehu)
0.43032512,-0.3723241,378,2,147,328,330,90,141,Wheat (Gehu)
0.15268667,-0.2987033,444,3,232,272,260,166,141,Wheat (Gehu)
